chain_symbol,expiration_date,strike_price,option_type,side,order_created_at,direction,order_quantity,order_type,opening_strategy,closing_strategy,price,processed_quantity
SNDL,2021-02-12,2.5000,call,buy,2021-02-11T16:22:57.610057Z,debit,20.00000,limit,,short_call,0.45000000,20.00000
SNDL,2021-02-12,2.5000,call,sell,2021-02-10T15:16:41.247207Z,credit,20.00000,limit,short_call,,0.45000000,20.00000
NOK,2021-02-05,7.0000,call,buy,2021-02-03T14:55:47.285828Z,debit,3.00000,limit,,short_call,0.04000000,3.00000
BB,2021-02-05,22.0000,call,buy,2021-02-03T14:55:37.698892Z,debit,6.00000,limit,,short_call,0.05000000,6.00000
AMC,2021-02-05,30.0000,call,buy,2021-02-03T14:55:24.858203Z,debit,6.00000,limit,,short_call,0.10000000,6.00000
EXPR,2021-02-19,15.0000,call,buy,2021-02-02T14:30:34.019486Z,debit,4.00000,limit,,short_call,0.85000000,4.00000
AMC,2021-02-05,30.0000,call,sell,2021-02-01T14:33:26.711569Z,credit,6.00000,limit,short_call,,2.85000000,6.00000
NOK,2021-02-05,7.0000,call,sell,2021-02-01T14:30:54.362437Z,credit,3.00000,limit,short_call,,0.31000000,3.00000
BB,2021-02-05,22.0000,call,sell,2021-02-01T14:30:27.118675Z,credit,6.00000,limit,short_call,,0.91000000,6.00000
AMC,2021-02-05,16.5000,call,buy,2021-01-29T17:50:37.642309Z,debit,6.00000,limit,,short_call,4.90000000,6.00000
BB,2021-02-05,23.0000,call,buy,2021-01-29T15:48:22.772245Z,debit,6.00000,limit,,short_call,2.35000000,6.00000
EXPR,2021-02-19,15.0000,call,sell,2021-01-29T15:24:16.638681Z,credit,4.00000,limit,short_call,,2.00000000,4.00000
BB,2021-02-05,23.0000,call,sell,2021-01-29T15:22:03.390038Z,credit,6.00000,limit,short_call,,2.36000000,6.00000
AMC,2021-02-05,16.5000,call,sell,2021-01-29T15:21:25.495581Z,credit,6.00000,limit,short_call,,4.95000000,6.00000
NIO,2021-01-29,62.5000,call,buy,2021-01-27T15:51:34.076381Z,debit,1.00000,limit,,short_call,0.82000000,1.00000
HYLN,2021-01-29,17.0000,put,buy,2021-01-27T15:51:13.366860Z,debit,1.00000,limit,,short_put,0.10000000,1.00000
PLUG,2021-01-29,65.0000,put,buy,2021-01-27T14:48:32.036550Z,debit,1.00000,limit,,short_put,3.70000000,1.00000
TAN,2021-01-29,115.0000,put,buy,2021-01-27T14:46:32.988375Z,debit,1.00000,limit,,short_put,6.80000000,1.00000
WKHS,2021-01-29,23.5000,call,buy,2021-01-27T14:42:56.075245Z,debit,1.00000,limit,,short_call,10.20000000,1.00000
WKHS,2021-01-29,23.5000,call,buy,2021-01-27T14:42:04.296142Z,debit,1.00000,limit,,short_call,10.45000000,1.00000
WKHS,2021-01-29,23.5000,call,buy,2021-01-27T14:41:34.046453Z,debit,1.00000,limit,,short_call,10.60000000,1.00000
WKHS,2021-01-29,23.5000,call,buy,2021-01-27T14:39:24.679504Z,debit,1.00000,limit,,short_call,10.65000000,1.00000
WKHS,2021-01-29,23.5000,call,buy,2021-01-27T14:33:22.746250Z,debit,1.00000,limit,,short_call,8.85000000,1.00000
TAN,2021-01-29,115.0000,put,sell,2021-01-26T16:49:37.433942Z,credit,1.00000,limit,short_put,,2.40000000,1.00000
AMD,2021-02-05,90.0000,put,buy,2021-01-26T16:48:59.552792Z,debit,1.00000,limit,,short_put,2.48000000,1.00000
PLUG,2021-01-29,65.0000,put,sell,2021-01-26T15:46:17.679430Z,credit,1.00000,limit,short_put,,1.22000000,1.00000
NIO,2021-01-29,62.5000,call,sell,2021-01-26T15:43:36.192295Z,credit,1.00000,limit,short_call,,1.06000000,1.00000
PLUG,2021-01-29,59.0000,put,buy,2021-01-26T15:42:52.452135Z,debit,2.00000,limit,,short_put,0.37000000,2.00000
HYLN,2021-01-29,17.0000,put,sell,2021-01-22T16:38:08.639329Z,credit,1.00000,limit,short_put,,0.65000000,1.00000
PLUG,2021-01-29,59.0000,put,sell,2021-01-22T15:45:22.768391Z,credit,2.00000,limit,short_put,,2.09000000,2.00000
NIO,2021-01-29,59.5000,put,buy,2021-01-22T15:43:44.938663Z,debit,2.00000,limit,,short_put,1.94000000,2.00000
NIO,2021-01-29,59.5000,put,sell,2021-01-22T15:34:29.020203Z,credit,2.00000,limit,short_put,,2.00000000,2.00000
NIO,2021-01-22,56.0000,put,buy,2021-01-22T15:30:54.385216Z,debit,2.00000,limit,,short_put,0.03000000,2.00000
WKHS,2021-01-29,23.5000,call,sell,2021-01-21T20:29:44.093212Z,credit,5.00000,limit,short_call,,1.02000000,5.00000
WKHS,2021-01-22,24.0000,call,buy,2021-01-21T20:26:46.045526Z,debit,5.00000,limit,,short_call,0.14000000,5.00000
HYLN,2021-01-22,17.0000,call,sell,2021-01-19T15:18:42.337386Z,credit,1.00000,limit,short_call,,0.45000000,1.00000
NIO,2021-01-22,56.0000,put,sell,2021-01-19T15:17:33.997198Z,credit,2.00000,limit,short_put,,1.16000000,2.00000
WKHS,2021-01-22,24.0000,call,sell,2021-01-19T15:15:29.932416Z,credit,5.00000,limit,short_call,,0.86000000,5.00000
ZM,2021-02-05,320.0000,put,sell,2021-01-12T14:34:59.702871Z,debit,1.00000,limit,,short_put_spread,4.45000000,1.00000
ZM,2021-02-05,330.0000,put,buy,2021-01-12T14:34:59.702871Z,debit,1.00000,limit,,short_put_spread,4.45000000,1.00000
TWTR,2021-01-15,45.0000,put,sell,2021-01-12T14:30:56.920534Z,credit,1.00000,limit,short_put,,0.37000000,1.00000
SRNE,2021-01-15,8.0000,call,sell,2021-01-11T17:34:54.137541Z,credit,1.00000,limit,short_call,,0.15000000,1.00000
WKHS,2021-01-15,23.5000,put,sell,2021-01-11T17:19:01.837438Z,credit,2.00000,limit,short_put,,0.33000000,2.00000
WKHS,2021-01-15,23.5000,put,sell,2021-01-07T18:45:29.000991Z,credit,1.00000,limit,short_put,,0.52000000,1.00000
WKHS,2021-01-15,23.5000,put,sell,2021-01-07T18:45:06.847355Z,credit,1.00000,limit,short_put,,0.52000000,1.00000
WKHS,2021-01-15,23.5000,put,sell,2021-01-07T18:44:08.229636Z,credit,1.00000,limit,short_put,,0.53000000,1.00000
HYLN,2021-01-15,17.0000,put,sell,2021-01-07T18:41:20.292632Z,credit,1.00000,limit,short_put,,0.79000000,1.00000
AMD,2021-02-05,90.0000,put,sell,2021-01-07T18:31:13.085211Z,credit,1.00000,limit,short_put,,3.85000000,1.00000
TAN,2021-01-08,97.5000,put,buy,2021-01-07T18:30:25.360761Z,debit,1.00000,limit,,short_put,0.05000000,1.00000
BBY,2021-01-29,98.0000,put,buy,2021-01-06T18:51:35.306347Z,debit,1.00000,limit,,custom,0.70000000,1.00000
BBY,2021-01-29,97.5000,put,sell,2021-01-06T18:51:35.306347Z,debit,1.00000,limit,,custom,0.70000000,1.00000
BBY,2021-01-29,97.0000,put,buy,2021-01-06T18:51:35.306347Z,debit,1.00000,limit,,custom,0.70000000,1.00000
BBY,2021-01-29,90.0000,put,sell,2021-01-06T18:51:35.306347Z,debit,1.00000,limit,,custom,0.70000000,1.00000
TAN,2021-01-08,97.5000,put,sell,2021-01-04T17:05:46.870065Z,credit,1.00000,limit,short_put,,1.50000000,1.00000
WKHS,2021-01-08,23.5000,call,sell,2021-01-04T17:03:11.024423Z,credit,4.00000,limit,short_call,,0.13000000,4.00000
WKHS,2021-01-08,23.5000,call,sell,2021-01-04T17:02:43.006327Z,credit,1.00000,limit,short_call,,0.13000000,1.00000
SRNE,2021-01-08,7.5000,call,sell,2021-01-04T17:01:22.331963Z,credit,1.00000,limit,short_call,,0.15000000,1.00000
HYLN,2021-01-08,17.0000,call,sell,2021-01-04T17:01:08.269694Z,credit,1.00000,limit,short_call,,0.29000000,1.00000
DKNG,2021-01-08,47.5000,call,sell,2021-01-04T16:55:12.348129Z,credit,1.00000,limit,short_call,,1.02000000,1.00000
MSFT,2021-01-08,200.0000,put,buy,2020-12-28T16:33:29.699548Z,debit,2.00000,limit,,short_put_spread,0.02000000,2.00000
MSFT,2021-01-08,195.0000,put,sell,2020-12-28T16:33:29.699548Z,debit,2.00000,limit,,short_put_spread,0.02000000,2.00000
ZM,2021-02-05,320.0000,put,buy,2020-12-28T15:59:29.739843Z,credit,1.00000,limit,short_put_spread,,2.30000000,1.00000
ZM,2021-02-05,330.0000,put,sell,2020-12-28T15:59:29.739843Z,credit,1.00000,limit,short_put_spread,,2.30000000,1.00000
AMD,2020-12-31,90.0000,put,sell,2020-12-28T15:34:11.494511Z,credit,1.00000,limit,short_put,,0.76000000,1.00000
DKNG,2020-12-31,47.5000,put,sell,2020-12-28T15:22:27.595344Z,credit,1.00000,limit,short_put,,0.50000000,1.00000
HYLN,2020-12-31,19.0000,call,sell,2020-12-28T14:54:45.343571Z,credit,1.00000,limit,short_call,,0.20000000,1.00000
SRNE,2020-12-31,8.5000,call,sell,2020-12-28T14:54:24.868618Z,credit,1.00000,limit,short_call,,0.15000000,1.00000
INTC,2020-12-31,48.0000,call,sell,2020-12-24T16:04:42.525743Z,credit,1.00000,limit,short_call,,0.16000000,1.00000
INTC,2020-12-24,48.5000,call,buy,2020-12-24T16:03:23.058343Z,debit,1.00000,limit,,short_call,0.01000000,1.00000
BABA,2020-12-31,250.0000,put,sell,2020-12-24T15:17:14.952148Z,debit,2.00000,limit,,short_put_spread,4.90000000,2.00000
BABA,2020-12-31,255.0000,put,buy,2020-12-24T15:17:14.952148Z,debit,2.00000,limit,,short_put_spread,4.90000000,2.00000
BBY,2021-01-29,98.0000,put,sell,2020-12-21T17:31:29.930571Z,credit,1.00000,limit,custom,,1.70000000,1.00000
BBY,2021-01-29,97.5000,put,buy,2020-12-21T17:31:29.930571Z,credit,1.00000,limit,custom,,1.70000000,1.00000
BBY,2021-01-29,97.0000,put,sell,2020-12-21T17:31:29.930571Z,credit,1.00000,limit,custom,,1.70000000,1.00000
BBY,2021-01-29,90.0000,put,buy,2020-12-21T17:31:29.930571Z,credit,1.00000,limit,custom,,1.70000000,1.00000
SRNE,2020-12-24,8.0000,call,sell,2020-12-21T17:18:30.990105Z,credit,1.00000,limit,short_call,,0.10000000,1.00000
SRNE,2020-12-24,8.0000,call,sell,2020-12-21T17:18:17.654812Z,credit,1.00000,limit,,long_call,0.10000000,1.00000
HYLN,2020-12-24,19.0000,call,sell,2020-12-21T17:17:46.221294Z,credit,1.00000,limit,short_call,,0.05000000,1.00000
SRNE,2020-12-24,8.0000,call,buy,2020-12-21T17:17:06.615046Z,debit,1.00000,limit,long_call,,0.15000000,1.00000
INTC,2020-12-24,48.5000,call,sell,2020-12-21T17:16:49.105440Z,credit,1.00000,limit,short_call,,0.05000000,1.00000
SRNE,2021-01-15,12.0000,call,buy,2020-12-21T17:16:01.056085Z,debit,1.00000,limit,,short_call,0.20000000,1.00000
INTC,2021-01-15,55.0000,call,buy,2020-12-21T17:15:51.289239Z,debit,1.00000,limit,,short_call,0.10000000,1.00000
TAN,2020-12-24,96.5000,put,sell,2020-12-21T17:14:12.119306Z,credit,1.00000,limit,short_put,,1.20000000,1.00000
NIO,2020-12-24,45.0000,put,sell,2020-12-21T17:12:29.340108Z,credit,1.00000,limit,short_put,,0.53000000,1.00000
HYLN,2020-12-31,19.0000,put,buy,2020-12-18T19:15:50.289191Z,debit,3.00000,limit,,short_put_spread,1.85000000,3.00000
HYLN,2020-12-31,15.0000,put,sell,2020-12-18T19:15:50.289191Z,debit,3.00000,limit,,short_put_spread,1.85000000,3.00000
NIO,2020-12-18,44.0000,call,sell,2020-12-11T18:25:11.333223Z,credit,1.00000,limit,short_call,,1.52000000,1.00000
NIO,2020-12-11,46.0000,call,buy,2020-12-11T18:25:00.932162Z,debit,1.00000,limit,,short_call,0.01000000,1.00000
AAPL,2020-12-18,126.0000,call,sell,2020-12-11T18:24:46.686859Z,credit,1.00000,limit,short_call,,0.60000000,1.00000
AAPL,2020-12-11,126.0000,call,buy,2020-12-11T18:24:26.139928Z,debit,1.00000,limit,,short_call,0.01000000,1.00000
BABA,2020-12-31,255.0000,put,sell,2020-12-07T18:09:34.791340Z,credit,2.00000,limit,short_put_spread,,1.40000000,2.00000
BABA,2020-12-31,250.0000,put,buy,2020-12-07T18:09:34.791340Z,credit,2.00000,limit,short_put_spread,,1.40000000,2.00000
NIO,2020-12-11,46.0000,call,sell,2020-12-07T17:28:41.615348Z,credit,1.00000,limit,short_call,,2.00000000,1.00000
SPY,2020-12-04,361.0000,put,sell,2020-12-04T20:21:51.426720Z,debit,5.00000,limit,,iron_condor,0.03000000,5.00000
SPY,2020-12-04,371.0000,call,buy,2020-12-04T20:21:51.426720Z,debit,5.00000,limit,,iron_condor,0.03000000,5.00000
SPY,2020-12-04,372.0000,call,sell,2020-12-04T20:21:51.426720Z,debit,5.00000,limit,,iron_condor,0.03000000,5.00000
SPY,2020-12-04,362.0000,put,buy,2020-12-04T20:21:51.426720Z,debit,5.00000,limit,,iron_condor,0.03000000,5.00000
WKHS,2020-12-31,14.5000,put,sell,2020-12-03T19:52:59.730155Z,credit,4.00000,limit,,long_put,0.30000000,4.00000
MSFT,2021-01-08,195.0000,put,buy,2020-12-03T19:43:43.556254Z,credit,2.00000,limit,short_put_spread,,0.75000000,2.00000
MSFT,2021-01-08,200.0000,put,sell,2020-12-03T19:43:43.556254Z,credit,2.00000,limit,short_put_spread,,0.75000000,2.00000
WKHS,2020-12-31,16.0000,put,buy,2020-12-03T19:33:30.410459Z,debit,4.00000,limit,,short_put,0.60000000,4.00000
SPY,2020-12-04,362.0000,put,sell,2020-12-03T19:25:05.235809Z,credit,5.00000,limit,iron_condor,,0.12000000,5.00000
SPY,2020-12-04,361.0000,put,buy,2020-12-03T19:25:05.235809Z,credit,5.00000,limit,iron_condor,,0.12000000,5.00000
SPY,2020-12-04,372.0000,call,buy,2020-12-03T19:25:05.235809Z,credit,5.00000,limit,iron_condor,,0.12000000,5.00000
SPY,2020-12-04,371.0000,call,sell,2020-12-03T19:25:05.235809Z,credit,5.00000,limit,iron_condor,,0.12000000,5.00000
AAPL,2020-12-11,126.0000,call,sell,2020-12-03T19:11:51.800120Z,credit,1.00000,limit,short_call,,0.95000000,1.00000
AAPL,2020-12-04,126.0000,call,buy,2020-12-03T19:11:22.162380Z,debit,1.00000,limit,,short_call,0.06000000,1.00000
NIO,2020-12-04,44.0000,put,sell,2020-11-30T17:39:24.411123Z,credit,1.00000,limit,short_put,,0.47000000,1.00000
AAPL,2020-12-04,126.0000,call,sell,2020-11-30T17:37:43.082826Z,credit,1.00000,limit,short_call,,0.13000000,1.00000
WKHS,2020-12-31,27.0000,call,sell,2020-11-27T17:12:39.551231Z,credit,5.00000,limit,short_call,,4.30000000,5.00000
WKHS,2020-11-27,27.0000,call,buy,2020-11-27T16:59:04.319362Z,debit,5.00000,limit,,short_call,0.15000000,5.00000
AAPL,2020-11-27,125.0000,call,sell,2020-11-25T15:54:47.640898Z,credit,1.00000,limit,,long_call,0.01000000,1.00000
INTC,2020-12-31,45.0000,put,buy,2020-11-24T22:05:37.049709Z,debit,3.00000,limit,,short_put_spread,0.20000000,3.00000
INTC,2020-12-31,42.5000,put,sell,2020-11-24T22:05:37.049709Z,debit,3.00000,limit,,short_put_spread,0.20000000,3.00000
AAPL,2020-12-31,110.0000,put,sell,2020-11-24T22:04:28.145734Z,debit,1.00000,limit,,short_put_spread,0.50000000,1.00000
AAPL,2020-12-31,115.0000,put,buy,2020-11-24T22:04:28.145734Z,debit,1.00000,limit,,short_put_spread,0.50000000,1.00000
AAPL,2020-11-27,120.0000,call,sell,2020-11-23T20:47:00.414300Z,credit,1.00000,limit,short_call,,0.11000000,1.00000
INTC,2020-12-31,45.0000,put,sell,2020-11-23T18:19:09.314502Z,credit,2.00000,limit,short_put_spread,,0.62000000,2.00000
INTC,2020-12-31,42.5000,put,buy,2020-11-23T18:19:09.314502Z,credit,2.00000,limit,short_put_spread,,0.62000000,2.00000
INTC,2020-12-31,45.0000,put,sell,2020-11-23T18:18:07.045539Z,credit,1.00000,limit,short_put_spread,,0.62000000,1.00000
INTC,2020-12-31,42.5000,put,buy,2020-11-23T18:18:07.045539Z,credit,1.00000,limit,short_put_spread,,0.62000000,1.00000
HYLN,2020-12-31,15.0000,put,buy,2020-11-23T17:49:13.322404Z,credit,1.00000,limit,short_put_spread,,1.30000000,1.00000
HYLN,2020-12-31,19.0000,put,sell,2020-11-23T17:49:13.322404Z,credit,1.00000,limit,short_put_spread,,1.30000000,1.00000
HYLN,2020-12-31,15.0000,put,buy,2020-11-23T17:49:05.022125Z,credit,1.00000,limit,short_put_spread,,1.30000000,1.00000
HYLN,2020-12-31,19.0000,put,sell,2020-11-23T17:49:05.022125Z,credit,1.00000,limit,short_put_spread,,1.30000000,1.00000
HYLN,2020-12-31,15.0000,put,buy,2020-11-23T17:48:38.046081Z,credit,1.00000,limit,short_put_spread,,1.30000000,1.00000
HYLN,2020-12-31,19.0000,put,sell,2020-11-23T17:48:38.046081Z,credit,1.00000,limit,short_put_spread,,1.30000000,1.00000
NIO,2020-11-27,47.0000,put,sell,2020-11-23T17:33:41.407600Z,credit,1.00000,limit,short_put,,0.46000000,1.00000
HYLN,2020-12-18,45.0000,call,sell,2020-11-23T15:09:16.290161Z,credit,1.00000,limit,short_call,,0.15000000,1.00000
AAPL,2020-11-27,125.0000,call,buy,2020-11-23T15:08:55.805150Z,debit,1.00000,limit,long_call,,0.05000000,1.00000
AAPL,2020-12-31,110.0000,put,buy,2020-11-20T18:17:00.991435Z,credit,1.00000,limit,short_put_spread,,1.46000000,1.00000
AAPL,2020-12-31,115.0000,put,sell,2020-11-20T18:17:00.991435Z,credit,1.00000,limit,short_put_spread,,1.46000000,1.00000
WKHS,2020-11-27,27.0000,call,sell,2020-11-20T15:50:23.810070Z,credit,5.00000,limit,short_call,,0.65000000,5.00000
WKHS,2020-11-20,25.5000,call,buy,2020-11-20T15:49:59.422382Z,debit,5.00000,limit,,short_call,0.10000000,5.00000
NIO,2020-11-20,45.0000,put,sell,2020-11-19T20:36:31.972545Z,credit,1.00000,limit,short_put,,0.20000000,1.00000
NIO,2020-11-20,38.0000,put,buy,2020-11-19T20:35:50.995773Z,debit,1.00000,limit,,short_put,0.04000000,1.00000
WKHS,2020-11-20,26.0000,call,sell,2020-11-18T20:39:30.641392Z,credit,1.00000,limit,,long_call,0.10000000,1.00000
WKHS,2020-11-20,26.0000,call,sell,2020-11-18T19:42:58.793424Z,credit,2.00000,limit,,long_call,0.10000000,2.00000
WKHS,2020-11-20,25.5000,call,buy,2020-11-18T19:28:48.004042Z,debit,1.00000,limit,,short_call,0.15000000,1.00000
WKHS,2020-11-20,26.0000,call,sell,2020-11-18T19:27:36.419820Z,credit,2.00000,limit,,long_call,0.10000000,2.00000
WKHS,2020-11-20,25.5000,call,buy,2020-11-18T19:27:15.872595Z,debit,1.00000,limit,,short_call,0.15000000,1.00000
WKHS,2020-11-20,25.5000,call,buy,2020-11-18T19:27:07.362610Z,debit,1.00000,limit,,short_call,0.15000000,1.00000
WKHS,2020-11-20,25.5000,call,buy,2020-11-18T19:27:01.592351Z,debit,1.00000,limit,,short_call,0.15000000,1.00000
WKHS,2020-11-20,25.5000,call,buy,2020-11-18T19:26:55.604795Z,debit,1.00000,limit,,short_call,0.15000000,1.00000
WKHS,2020-12-31,16.0000,put,sell,2020-11-16T18:56:09.572732Z,credit,1.00000,limit,short_put_spread,,0.50000000,1.00000
WKHS,2020-12-31,14.5000,put,buy,2020-11-16T18:56:09.572732Z,credit,1.00000,limit,short_put_spread,,0.50000000,1.00000
WKHS,2020-12-31,14.5000,put,buy,2020-11-16T18:56:01.489082Z,credit,1.00000,limit,short_put_spread,,0.50000000,1.00000
WKHS,2020-12-31,16.0000,put,sell,2020-11-16T18:56:01.489082Z,credit,1.00000,limit,short_put_spread,,0.50000000,1.00000
WKHS,2020-12-31,16.0000,put,sell,2020-11-16T18:55:26.214564Z,credit,1.00000,limit,short_put_spread,,0.50000000,1.00000
WKHS,2020-12-31,14.5000,put,buy,2020-11-16T18:55:26.214564Z,credit,1.00000,limit,short_put_spread,,0.50000000,1.00000
WKHS,2020-12-31,14.5000,put,buy,2020-11-16T18:54:05.995732Z,credit,1.00000,limit,short_put_spread,,0.55000000,1.00000
WKHS,2020-12-31,16.0000,put,sell,2020-11-16T18:54:05.995732Z,credit,1.00000,limit,short_put_spread,,0.55000000,1.00000
NIO,2020-11-20,38.0000,put,sell,2020-11-16T15:38:56.795075Z,credit,1.00000,limit,short_put,,1.39000000,1.00000
WKHS,2020-11-20,25.5000,call,sell,2020-11-16T15:38:22.470148Z,credit,1.00000,limit,short_call,,0.10000000,1.00000
WKHS,2020-11-20,25.5000,call,sell,2020-11-16T15:37:57.760524Z,credit,1.00000,limit,short_call,,0.10000000,1.00000
WKHS,2020-11-20,25.5000,call,sell,2020-11-16T15:37:39.181263Z,credit,2.00000,limit,short_call,,0.10000000,2.00000
WKHS,2020-11-20,25.5000,call,sell,2020-11-16T15:37:30.401900Z,credit,2.00000,limit,short_call,,0.10000000,2.00000
WKHS,2020-11-20,25.5000,call,sell,2020-11-16T15:37:23.903078Z,credit,2.00000,limit,short_call,,0.10000000,2.00000
WKHS,2020-11-20,25.5000,call,sell,2020-11-16T15:37:17.375846Z,credit,1.00000,limit,short_call,,0.10000000,1.00000
WKHS,2020-11-20,25.5000,call,sell,2020-11-16T15:36:55.056697Z,credit,1.00000,limit,short_call,,0.10000000,1.00000
AAPL,2020-11-20,126.0000,call,sell,2020-11-16T15:34:10.929819Z,credit,1.00000,limit,short_call,,0.20000000,1.00000
DKNG,2020-11-20,42.0000,call,sell,2020-11-16T15:32:28.897943Z,credit,1.00000,limit,short_call,,1.35000000,1.00000
WKHS,2020-11-20,26.0000,call,buy,2020-11-16T15:31:23.319415Z,debit,5.00000,limit,long_call,,0.10000000,5.00000
DKNG,2020-11-13,40.0000,put,buy,2020-11-13T15:57:41.820473Z,debit,1.00000,limit,,short_put,0.05000000,1.00000
PLUG,2020-11-13,22.0000,put,sell,2020-11-12T17:40:41.269402Z,credit,1.00000,limit,short_put,,0.10000000,1.00000
PLUG,2020-11-13,16.0000,put,buy,2020-11-12T17:39:31.266721Z,debit,1.00000,limit,,short_put,0.01000000,1.00000
DKNG,2020-11-13,40.0000,put,sell,2020-11-12T15:18:11.525993Z,credit,1.00000,limit,short_put,,1.05000000,1.00000
NIO,2020-11-13,36.0000,put,buy,2020-11-12T15:17:03.826766Z,debit,1.00000,limit,,short_put,0.02000000,1.00000
BAC,2020-11-13,27.0000,call,sell,2020-11-09T15:49:47.857394Z,credit,2.00000,limit,short_call,,0.44000000,2.00000
WKHS,2020-11-13,26.0000,call,sell,2020-11-06T18:37:20.116195Z,credit,1.00000,limit,short_call,,0.10000000,1.00000
WKHS,2020-11-13,26.0000,call,sell,2020-11-06T18:37:13.022411Z,credit,1.00000,limit,short_call,,0.10000000,1.00000
WKHS,2020-11-13,26.5000,call,sell,2020-11-06T18:36:40.727086Z,credit,1.00000,limit,short_call,,0.10000000,1.00000
WKHS,2020-11-13,26.0000,call,sell,2020-11-06T18:27:32.077285Z,credit,1.00000,limit,short_call,,0.10000000,1.00000
WKHS,2020-11-13,26.0000,call,sell,2020-11-06T18:26:25.182688Z,credit,1.00000,limit,short_call,,0.10000000,1.00000
NIO,2020-11-13,36.0000,put,sell,2020-11-06T16:19:48.879527Z,credit,1.00000,limit,short_put,,0.57000000,1.00000
PLUG,2020-11-13,16.0000,put,sell,2020-11-06T16:16:10.365505Z,credit,1.00000,limit,short_put,,0.34000000,1.00000
AAPL,2020-11-27,108.0000,put,sell,2020-11-05T20:37:59.718735Z,debit,3.00000,limit,,short_put_spread,0.17000000,3.00000
AAPL,2020-11-27,109.0000,put,buy,2020-11-05T20:37:59.718735Z,debit,3.00000,limit,,short_put_spread,0.17000000,3.00000
AAPL,2020-11-27,106.0000,put,sell,2020-11-05T20:37:37.854594Z,debit,1.00000,limit,,short_put_spread,0.58000000,1.00000
AAPL,2020-11-27,110.0000,put,buy,2020-11-05T20:37:37.854594Z,debit,1.00000,limit,,short_put_spread,0.58000000,1.00000
AAPL,2020-11-27,106.0000,put,sell,2020-11-05T20:37:29.880436Z,debit,1.00000,limit,,short_put_spread,0.58000000,1.00000
AAPL,2020-11-27,110.0000,put,buy,2020-11-05T20:37:29.880436Z,debit,1.00000,limit,,short_put_spread,0.58000000,1.00000
AAPL,2020-11-13,126.0000,call,sell,2020-11-05T16:01:55.647887Z,credit,1.00000,limit,short_call,,0.51000000,1.00000
AAPL,2020-11-06,120.0000,call,buy,2020-11-04T16:35:40.412565Z,debit,1.00000,limit,,short_call,0.15000000,1.00000
WKHS,2020-11-06,21.0000,call,buy,2020-11-04T16:35:28.836398Z,debit,5.00000,limit,,short_call,0.10000000,5.00000
WKHS,2020-11-06,21.0000,call,sell,2020-11-02T14:32:36.413640Z,credit,5.00000,limit,short_call,,0.10000000,5.00000
MSFT,2020-10-30,200.0000,put,buy,2020-10-30T17:51:51.021245Z,debit,1.00000,limit,,short_put_spread,0.40000000,1.00000
MSFT,2020-10-30,197.5000,put,sell,2020-10-30T17:51:51.021245Z,debit,1.00000,limit,,short_put_spread,0.40000000,1.00000
AAPL,2020-11-06,120.0000,call,sell,2020-10-30T15:44:09.650061Z,credit,1.00000,limit,short_call,,0.37000000,1.00000
AAPL,2020-10-30,127.0000,call,buy,2020-10-30T15:43:48.418890Z,debit,1.00000,limit,,short_call,0.01000000,1.00000
BAC,2020-11-06,24.5000,call,sell,2020-10-30T15:42:32.307051Z,credit,2.00000,limit,short_call,,0.32000000,2.00000
BAC,2020-10-30,24.5000,call,buy,2020-10-30T15:42:02.696593Z,debit,2.00000,limit,,short_call,0.01000000,2.00000
MSFT,2020-10-30,200.0000,put,sell,2020-10-26T14:54:24.171474Z,credit,1.00000,limit,short_put_spread,,0.26000000,1.00000
MSFT,2020-10-30,197.5000,put,buy,2020-10-26T14:54:24.171474Z,credit,1.00000,limit,short_put_spread,,0.26000000,1.00000
INTC,2021-01-15,55.0000,call,sell,2020-10-26T14:52:53.829441Z,credit,1.00000,limit,short_call,,0.45000000,1.00000
SRNE,2021-01-15,12.0000,call,sell,2020-10-26T14:31:23.144562Z,credit,1.00000,limit,short_call,,1.30000000,1.00000
BAC,2020-10-30,24.5000,call,sell,2020-10-26T14:30:02.914912Z,credit,1.00000,limit,short_call,,0.30000000,1.00000
BAC,2020-10-30,24.5000,call,sell,2020-10-26T14:28:22.020766Z,credit,1.00000,limit,short_call,,0.31000000,1.00000
AAPL,2020-10-30,127.0000,call,sell,2020-10-26T14:24:45.198364Z,credit,1.00000,limit,short_call,,0.52000000,1.00000
WKHS,2020-10-30,27.0000,call,sell,2020-10-26T14:23:48.033248Z,credit,5.00000,limit,short_call,,0.05000000,5.00000
AAPL,2020-11-27,109.0000,put,sell,2020-10-23T15:01:43.736588Z,credit,3.00000,limit,short_put_spread,,0.31000000,3.00000
AAPL,2020-11-27,108.0000,put,buy,2020-10-23T15:01:43.736588Z,credit,3.00000,limit,short_put_spread,,0.31000000,3.00000
AAPL,2020-11-27,106.0000,put,buy,2020-10-23T14:59:52.248829Z,credit,2.00000,limit,short_put_spread,,1.30000000,2.00000
AAPL,2020-11-27,110.0000,put,sell,2020-10-23T14:59:52.248829Z,credit,2.00000,limit,short_put_spread,,1.30000000,2.00000
HYLN,2020-11-20,45.0000,call,sell,2020-10-20T14:13:17.733484Z,credit,1.00000,limit,short_call,,0.10000000,1.00000
INTC,2020-10-23,55.0000,call,sell,2020-10-19T13:49:13.726827Z,credit,1.00000,limit,short_call,,1.27000000,1.00000
WKHS,2020-10-23,27.0000,call,sell,2020-10-19T13:43:02.530371Z,credit,5.00000,limit,short_call,,0.20000000,5.00000
SRNE,2020-10-23,11.5000,call,sell,2020-10-19T13:39:46.586879Z,credit,1.00000,limit,short_call,,0.10000000,1.00000
TWTR,2020-10-23,48.5000,call,sell,2020-10-19T13:39:25.970273Z,credit,1.00000,limit,short_call,,0.25000000,1.00000
AAPL,2020-10-16,115.0000,put,buy,2020-10-16T15:31:13.769204Z,debit,6.00000,limit,,short_put_spread,0.02000000,6.00000
AAPL,2020-10-16,114.0000,put,sell,2020-10-16T15:31:13.769204Z,debit,6.00000,limit,,short_put_spread,0.02000000,6.00000
AAPL,2020-10-23,127.0000,call,sell,2020-10-15T14:50:12.909832Z,credit,1.00000,limit,short_call,,0.75000000,1.00000
AAPL,2020-10-16,126.2500,call,buy,2020-10-15T14:49:30.861864Z,debit,1.00000,limit,,short_call,0.04000000,1.00000
AAPL,2020-10-16,114.0000,put,buy,2020-10-12T14:34:15.498064Z,credit,6.00000,limit,short_put_spread,,0.12000000,6.00000
AAPL,2020-10-16,115.0000,put,sell,2020-10-12T14:34:15.498064Z,credit,6.00000,limit,short_put_spread,,0.12000000,6.00000
HYLN,2020-10-16,43.0000,call,sell,2020-10-12T14:06:25.861209Z,credit,1.00000,limit,short_call,,0.05000000,1.00000
TWTR,2020-10-16,48.5000,call,sell,2020-10-12T14:03:08.090663Z,credit,1.00000,limit,short_call,,0.90000000,1.00000
SRNE,2020-10-16,11.5000,call,sell,2020-10-12T13:49:20.640613Z,credit,1.00000,limit,short_call,,0.60000000,1.00000
AAPL,2020-10-16,110.0000,put,buy,2020-10-12T13:45:40.385375Z,debit,1.00000,limit,,short_put_spread,0.05000000,1.00000
AAPL,2020-10-16,109.0000,put,sell,2020-10-12T13:45:40.385375Z,debit,1.00000,limit,,short_put_spread,0.05000000,1.00000
AAPL,2020-10-16,109.0000,put,sell,2020-10-12T13:44:56.410047Z,debit,1.00000,limit,,short_put_spread,0.05000000,1.00000
AAPL,2020-10-16,110.0000,put,buy,2020-10-12T13:44:56.410047Z,debit,1.00000,limit,,short_put_spread,0.05000000,1.00000
AAPL,2020-10-16,109.0000,put,sell,2020-10-12T13:43:54.493946Z,debit,10.00000,limit,,short_put_spread,0.05000000,10.00000
AAPL,2020-10-16,110.0000,put,buy,2020-10-12T13:43:54.493946Z,debit,10.00000,limit,,short_put_spread,0.05000000,10.00000
SPY,2020-10-12,328.0000,put,sell,2020-10-12T13:43:14.352681Z,debit,1.00000,limit,,iron_condor,0.33000000,1.00000
SPY,2020-10-12,350.0000,call,buy,2020-10-12T13:43:14.352681Z,debit,1.00000,limit,,iron_condor,0.33000000,1.00000
SPY,2020-10-12,329.0000,put,buy,2020-10-12T13:43:14.352681Z,debit,1.00000,limit,,iron_condor,0.33000000,1.00000
SPY,2020-10-12,351.0000,call,sell,2020-10-12T13:43:14.352681Z,debit,1.00000,limit,,iron_condor,0.33000000,1.00000
AAPL,2020-10-16,110.0000,put,buy,2020-10-12T13:42:09.565759Z,debit,1.00000,limit,,short_put_spread,0.05000000,1.00000
AAPL,2020-10-16,109.0000,put,sell,2020-10-12T13:42:09.565759Z,debit,1.00000,limit,,short_put_spread,0.05000000,1.00000
SPY,2020-10-12,351.0000,call,sell,2020-10-12T13:40:45.883576Z,debit,1.00000,limit,,iron_condor,0.37000000,1.00000
SPY,2020-10-12,329.0000,put,buy,2020-10-12T13:40:45.883576Z,debit,1.00000,limit,,iron_condor,0.37000000,1.00000
SPY,2020-10-12,350.0000,call,buy,2020-10-12T13:40:45.883576Z,debit,1.00000,limit,,iron_condor,0.37000000,1.00000
SPY,2020-10-12,328.0000,put,sell,2020-10-12T13:40:45.883576Z,debit,1.00000,limit,,iron_condor,0.37000000,1.00000
SPY,2020-10-12,328.0000,put,sell,2020-10-12T13:39:51.217138Z,debit,1.00000,limit,,iron_condor,0.37000000,1.00000
SPY,2020-10-12,350.0000,call,buy,2020-10-12T13:39:51.217138Z,debit,1.00000,limit,,iron_condor,0.37000000,1.00000
SPY,2020-10-12,329.0000,put,buy,2020-10-12T13:39:51.217138Z,debit,1.00000,limit,,iron_condor,0.37000000,1.00000
SPY,2020-10-12,351.0000,call,sell,2020-10-12T13:39:51.217138Z,debit,1.00000,limit,,iron_condor,0.37000000,1.00000
SPY,2020-10-12,329.0000,put,buy,2020-10-12T13:39:19.354699Z,debit,1.00000,limit,,iron_condor,0.38000000,1.00000
SPY,2020-10-12,351.0000,call,sell,2020-10-12T13:39:19.354699Z,debit,1.00000,limit,,iron_condor,0.38000000,1.00000
SPY,2020-10-12,328.0000,put,sell,2020-10-12T13:39:19.354699Z,debit,1.00000,limit,,iron_condor,0.38000000,1.00000
SPY,2020-10-12,350.0000,call,buy,2020-10-12T13:39:19.354699Z,debit,1.00000,limit,,iron_condor,0.38000000,1.00000
SPY,2020-10-12,351.0000,call,sell,2020-10-12T13:39:01.589247Z,debit,1.00000,limit,,iron_condor,0.36000000,1.00000
SPY,2020-10-12,329.0000,put,buy,2020-10-12T13:39:01.589247Z,debit,1.00000,limit,,iron_condor,0.36000000,1.00000
SPY,2020-10-12,350.0000,call,buy,2020-10-12T13:39:01.589247Z,debit,1.00000,limit,,iron_condor,0.36000000,1.00000
SPY,2020-10-12,328.0000,put,sell,2020-10-12T13:39:01.589247Z,debit,1.00000,limit,,iron_condor,0.36000000,1.00000
WKHS,2020-10-16,28.0000,put,sell,2020-10-12T13:32:39.276799Z,credit,1.00000,limit,short_put,,1.95000000,1.00000
AAPL,2020-10-16,109.0000,put,buy,2020-10-09T15:12:01.735106Z,credit,1.00000,limit,short_put_spread,,0.15000000,1.00000
AAPL,2020-10-16,110.0000,put,sell,2020-10-09T15:12:01.735106Z,credit,1.00000,limit,short_put_spread,,0.15000000,1.00000
AAPL,2020-10-16,109.0000,put,buy,2020-10-09T15:10:35.851506Z,credit,1.00000,limit,short_put_spread,,0.15000000,1.00000
AAPL,2020-10-16,110.0000,put,sell,2020-10-09T15:10:35.851506Z,credit,1.00000,limit,short_put_spread,,0.15000000,1.00000
NIO,2020-10-16,23.0000,call,sell,2020-10-09T15:07:06.624754Z,credit,1.00000,limit,short_call,,0.40000000,1.00000
NIO,2020-10-09,23.0000,call,buy,2020-10-09T15:06:44.048906Z,debit,1.00000,limit,,short_call,0.02000000,1.00000
AAPL,2020-10-16,110.0000,put,sell,2020-10-09T15:06:07.794873Z,credit,1.00000,limit,short_put_spread,,0.15000000,1.00000
AAPL,2020-10-16,109.0000,put,buy,2020-10-09T15:06:07.794873Z,credit,1.00000,limit,short_put_spread,,0.15000000,1.00000
AAPL,2020-10-16,109.0000,put,buy,2020-10-09T15:05:42.764996Z,credit,1.00000,limit,short_put_spread,,0.14000000,1.00000
AAPL,2020-10-16,110.0000,put,sell,2020-10-09T15:05:42.764996Z,credit,1.00000,limit,short_put_spread,,0.14000000,1.00000
AAPL,2020-10-16,109.0000,put,buy,2020-10-09T15:05:31.740257Z,credit,1.00000,limit,short_put_spread,,0.14000000,1.00000
AAPL,2020-10-16,110.0000,put,sell,2020-10-09T15:05:31.740257Z,credit,1.00000,limit,short_put_spread,,0.14000000,1.00000
AAPL,2020-10-16,109.0000,put,buy,2020-10-09T15:05:23.454226Z,credit,1.00000,limit,short_put_spread,,0.14000000,1.00000
AAPL,2020-10-16,110.0000,put,sell,2020-10-09T15:05:23.454226Z,credit,1.00000,limit,short_put_spread,,0.14000000,1.00000
AAPL,2020-10-16,109.0000,put,buy,2020-10-09T15:02:04.714091Z,credit,1.00000,limit,short_put_spread,,0.14000000,1.00000
AAPL,2020-10-16,110.0000,put,sell,2020-10-09T15:02:04.714091Z,credit,1.00000,limit,short_put_spread,,0.14000000,1.00000
AAPL,2020-10-16,110.0000,put,sell,2020-10-09T14:59:37.675533Z,credit,1.00000,limit,short_put_spread,,0.14000000,1.00000
AAPL,2020-10-16,109.0000,put,buy,2020-10-09T14:59:37.675533Z,credit,1.00000,limit,short_put_spread,,0.14000000,1.00000
AAPL,2020-10-16,109.0000,put,buy,2020-10-09T14:55:45.663383Z,credit,1.00000,limit,short_put_spread,,0.14000000,1.00000
AAPL,2020-10-16,110.0000,put,sell,2020-10-09T14:55:45.663383Z,credit,1.00000,limit,short_put_spread,,0.14000000,1.00000
AAPL,2020-10-16,110.0000,put,sell,2020-10-09T14:53:57.652814Z,credit,1.00000,limit,short_put_spread,,0.14000000,1.00000
AAPL,2020-10-16,109.0000,put,buy,2020-10-09T14:53:57.652814Z,credit,1.00000,limit,short_put_spread,,0.14000000,1.00000
AAPL,2020-10-16,109.0000,put,buy,2020-10-09T14:53:21.969364Z,credit,1.00000,limit,short_put_spread,,0.14000000,1.00000
AAPL,2020-10-16,110.0000,put,sell,2020-10-09T14:53:21.969364Z,credit,1.00000,limit,short_put_spread,,0.14000000,1.00000
AAPL,2020-10-16,109.0000,put,buy,2020-10-09T14:50:10.430290Z,credit,1.00000,limit,short_put_spread,,0.15000000,1.00000
AAPL,2020-10-16,110.0000,put,sell,2020-10-09T14:50:10.430290Z,credit,1.00000,limit,short_put_spread,,0.15000000,1.00000
AAPL,2020-10-16,109.0000,put,buy,2020-10-09T14:49:45.250274Z,credit,1.00000,limit,short_put_spread,,0.15000000,1.00000
AAPL,2020-10-16,110.0000,put,sell,2020-10-09T14:49:45.250274Z,credit,1.00000,limit,short_put_spread,,0.15000000,1.00000
WKHS,2020-10-16,27.0000,call,sell,2020-10-08T19:03:52.077917Z,credit,4.00000,limit,short_call,,0.60000000,4.00000
WKHS,2020-10-09,27.0000,call,buy,2020-10-08T19:02:49.903298Z,debit,4.00000,limit,,short_call,0.05000000,4.00000
SPY,2020-10-12,328.0000,put,buy,2020-10-08T17:38:28.729602Z,credit,1.00000,limit,iron_condor,,0.10000000,1.00000
SPY,2020-10-12,329.0000,put,sell,2020-10-08T17:38:28.729602Z,credit,1.00000,limit,iron_condor,,0.10000000,1.00000
SPY,2020-10-12,350.0000,call,sell,2020-10-08T17:38:28.729602Z,credit,1.00000,limit,iron_condor,,0.10000000,1.00000
SPY,2020-10-12,351.0000,call,buy,2020-10-08T17:38:28.729602Z,credit,1.00000,limit,iron_condor,,0.10000000,1.00000
SPY,2020-10-12,329.0000,put,sell,2020-10-08T17:37:46.455001Z,credit,1.00000,limit,iron_condor,,0.10000000,1.00000
SPY,2020-10-12,350.0000,call,sell,2020-10-08T17:37:46.455001Z,credit,1.00000,limit,iron_condor,,0.10000000,1.00000
SPY,2020-10-12,351.0000,call,buy,2020-10-08T17:37:46.455001Z,credit,1.00000,limit,iron_condor,,0.10000000,1.00000
SPY,2020-10-12,328.0000,put,buy,2020-10-08T17:37:46.455001Z,credit,1.00000,limit,iron_condor,,0.10000000,1.00000
SPY,2020-10-12,328.0000,put,buy,2020-10-08T17:37:22.567039Z,credit,1.00000,limit,iron_condor,,0.10000000,1.00000
SPY,2020-10-12,329.0000,put,sell,2020-10-08T17:37:22.567039Z,credit,1.00000,limit,iron_condor,,0.10000000,1.00000
SPY,2020-10-12,350.0000,call,sell,2020-10-08T17:37:22.567039Z,credit,1.00000,limit,iron_condor,,0.10000000,1.00000
SPY,2020-10-12,351.0000,call,buy,2020-10-08T17:37:22.567039Z,credit,1.00000,limit,iron_condor,,0.10000000,1.00000
SPY,2020-10-12,351.0000,call,buy,2020-10-08T17:36:39.761981Z,credit,1.00000,limit,iron_condor,,0.10000000,1.00000
SPY,2020-10-12,350.0000,call,sell,2020-10-08T17:36:39.761981Z,credit,1.00000,limit,iron_condor,,0.10000000,1.00000
SPY,2020-10-12,329.0000,put,sell,2020-10-08T17:36:39.761981Z,credit,1.00000,limit,iron_condor,,0.10000000,1.00000
SPY,2020-10-12,328.0000,put,buy,2020-10-08T17:36:39.761981Z,credit,1.00000,limit,iron_condor,,0.10000000,1.00000
SPY,2020-10-12,351.0000,call,buy,2020-10-08T17:36:11.477273Z,credit,1.00000,limit,iron_condor,,0.10000000,1.00000
SPY,2020-10-12,350.0000,call,sell,2020-10-08T17:36:11.477273Z,credit,1.00000,limit,iron_condor,,0.10000000,1.00000
SPY,2020-10-12,329.0000,put,sell,2020-10-08T17:36:11.477273Z,credit,1.00000,limit,iron_condor,,0.10000000,1.00000
SPY,2020-10-12,328.0000,put,buy,2020-10-08T17:36:11.477273Z,credit,1.00000,limit,iron_condor,,0.10000000,1.00000
SPY,2020-10-09,329.0000,put,sell,2020-10-08T16:59:30.884277Z,debit,1.00000,limit,,iron_condor,0.02000000,1.00000
SPY,2020-10-09,351.0000,call,buy,2020-10-08T16:59:30.884277Z,debit,1.00000,limit,,iron_condor,0.02000000,1.00000
SPY,2020-10-09,330.0000,put,buy,2020-10-08T16:59:30.884277Z,debit,1.00000,limit,,iron_condor,0.02000000,1.00000
SPY,2020-10-09,352.0000,call,sell,2020-10-08T16:59:30.884277Z,debit,1.00000,limit,,iron_condor,0.02000000,1.00000
SPY,2020-10-09,329.0000,put,sell,2020-10-08T16:59:15.456807Z,debit,1.00000,limit,,iron_condor,0.02000000,1.00000
SPY,2020-10-09,351.0000,call,buy,2020-10-08T16:59:15.456807Z,debit,1.00000,limit,,iron_condor,0.02000000,1.00000
SPY,2020-10-09,330.0000,put,buy,2020-10-08T16:59:15.456807Z,debit,1.00000,limit,,iron_condor,0.02000000,1.00000
SPY,2020-10-09,352.0000,call,sell,2020-10-08T16:59:15.456807Z,debit,1.00000,limit,,iron_condor,0.02000000,1.00000
SPY,2020-10-09,352.0000,call,sell,2020-10-08T16:58:59.593852Z,debit,1.00000,limit,,iron_condor,0.02000000,1.00000
SPY,2020-10-09,330.0000,put,buy,2020-10-08T16:58:59.593852Z,debit,1.00000,limit,,iron_condor,0.02000000,1.00000
SPY,2020-10-09,351.0000,call,buy,2020-10-08T16:58:59.593852Z,debit,1.00000,limit,,iron_condor,0.02000000,1.00000
SPY,2020-10-09,329.0000,put,sell,2020-10-08T16:58:59.593852Z,debit,1.00000,limit,,iron_condor,0.02000000,1.00000
SPY,2020-10-09,352.0000,call,sell,2020-10-08T16:58:29.386557Z,debit,1.00000,limit,,iron_condor,0.02000000,1.00000
SPY,2020-10-09,330.0000,put,buy,2020-10-08T16:58:29.386557Z,debit,1.00000,limit,,iron_condor,0.02000000,1.00000
SPY,2020-10-09,351.0000,call,buy,2020-10-08T16:58:29.386557Z,debit,1.00000,limit,,iron_condor,0.02000000,1.00000
SPY,2020-10-09,329.0000,put,sell,2020-10-08T16:58:29.386557Z,debit,1.00000,limit,,iron_condor,0.02000000,1.00000
SPY,2020-10-09,352.0000,call,sell,2020-10-08T16:58:16.819998Z,debit,1.00000,limit,,iron_condor,0.02000000,1.00000
SPY,2020-10-09,330.0000,put,buy,2020-10-08T16:58:16.819998Z,debit,1.00000,limit,,iron_condor,0.02000000,1.00000
SPY,2020-10-09,351.0000,call,buy,2020-10-08T16:58:16.819998Z,debit,1.00000,limit,,iron_condor,0.02000000,1.00000
SPY,2020-10-09,329.0000,put,sell,2020-10-08T16:58:16.819998Z,debit,1.00000,limit,,iron_condor,0.02000000,1.00000
SPY,2020-10-09,352.0000,call,sell,2020-10-08T16:57:58.256064Z,debit,1.00000,limit,,iron_condor,0.02000000,1.00000
SPY,2020-10-09,330.0000,put,buy,2020-10-08T16:57:58.256064Z,debit,1.00000,limit,,iron_condor,0.02000000,1.00000
SPY,2020-10-09,351.0000,call,buy,2020-10-08T16:57:58.256064Z,debit,1.00000,limit,,iron_condor,0.02000000,1.00000
SPY,2020-10-09,329.0000,put,sell,2020-10-08T16:57:58.256064Z,debit,1.00000,limit,,iron_condor,0.02000000,1.00000
SPY,2020-10-09,352.0000,call,sell,2020-10-08T16:57:46.842377Z,debit,1.00000,limit,,iron_condor,0.02000000,1.00000
SPY,2020-10-09,330.0000,put,buy,2020-10-08T16:57:46.842377Z,debit,1.00000,limit,,iron_condor,0.02000000,1.00000
SPY,2020-10-09,351.0000,call,buy,2020-10-08T16:57:46.842377Z,debit,1.00000,limit,,iron_condor,0.02000000,1.00000
SPY,2020-10-09,329.0000,put,sell,2020-10-08T16:57:46.842377Z,debit,1.00000,limit,,iron_condor,0.02000000,1.00000
SPY,2020-10-09,329.0000,put,sell,2020-10-08T16:57:34.909800Z,debit,1.00000,limit,,iron_condor,0.02000000,1.00000
SPY,2020-10-09,352.0000,call,sell,2020-10-08T16:57:34.909800Z,debit,1.00000,limit,,iron_condor,0.02000000,1.00000
SPY,2020-10-09,330.0000,put,buy,2020-10-08T16:57:34.909800Z,debit,1.00000,limit,,iron_condor,0.02000000,1.00000
SPY,2020-10-09,351.0000,call,buy,2020-10-08T16:57:34.909800Z,debit,1.00000,limit,,iron_condor,0.02000000,1.00000
SPY,2020-10-09,352.0000,call,sell,2020-10-08T16:57:23.015336Z,debit,1.00000,limit,,iron_condor,0.02000000,1.00000
SPY,2020-10-09,330.0000,put,buy,2020-10-08T16:57:23.015336Z,debit,1.00000,limit,,iron_condor,0.02000000,1.00000
SPY,2020-10-09,351.0000,call,buy,2020-10-08T16:57:23.015336Z,debit,1.00000,limit,,iron_condor,0.02000000,1.00000
SPY,2020-10-09,329.0000,put,sell,2020-10-08T16:57:23.015336Z,debit,1.00000,limit,,iron_condor,0.02000000,1.00000
AAPL,2020-10-16,126.2500,call,sell,2020-10-07T17:29:27.935856Z,credit,1.00000,limit,short_call,,0.40000000,1.00000
AAPL,2020-10-09,125.0000,call,buy,2020-10-07T17:27:18.983170Z,debit,1.00000,limit,,short_call,0.03000000,1.00000
HYLN,2020-10-09,40.0000,call,sell,2020-10-07T14:05:05.631603Z,credit,1.00000,limit,short_call,,0.10000000,1.00000
HYLN,2020-10-09,43.0000,call,buy,2020-10-07T14:04:18.161227Z,debit,1.00000,limit,,short_call,0.10000000,1.00000
SPY,2020-10-09,352.0000,call,sell,2020-10-07T13:33:56.543290Z,debit,1.00000,limit,,iron_condor,0.11000000,1.00000
SPY,2020-10-09,330.0000,put,buy,2020-10-07T13:33:56.543290Z,debit,1.00000,limit,,iron_condor,0.11000000,1.00000
SPY,2020-10-09,351.0000,call,buy,2020-10-07T13:33:56.543290Z,debit,1.00000,limit,,iron_condor,0.11000000,1.00000
SPY,2020-10-09,329.0000,put,sell,2020-10-07T13:33:56.543290Z,debit,1.00000,limit,,iron_condor,0.11000000,1.00000
SPY,2020-10-09,329.0000,put,buy,2020-10-06T16:31:38.470333Z,credit,1.00000,limit,iron_condor,,0.12000000,1.00000
SPY,2020-10-09,330.0000,put,sell,2020-10-06T16:31:38.470333Z,credit,1.00000,limit,iron_condor,,0.12000000,1.00000
SPY,2020-10-09,351.0000,call,sell,2020-10-06T16:31:38.470333Z,credit,1.00000,limit,iron_condor,,0.12000000,1.00000
SPY,2020-10-09,352.0000,call,buy,2020-10-06T16:31:38.470333Z,credit,1.00000,limit,iron_condor,,0.12000000,1.00000
SPY,2020-10-09,329.0000,put,buy,2020-10-06T16:31:30.151382Z,credit,1.00000,limit,iron_condor,,0.12000000,1.00000
SPY,2020-10-09,330.0000,put,sell,2020-10-06T16:31:30.151382Z,credit,1.00000,limit,iron_condor,,0.12000000,1.00000
SPY,2020-10-09,351.0000,call,sell,2020-10-06T16:31:30.151382Z,credit,1.00000,limit,iron_condor,,0.12000000,1.00000
SPY,2020-10-09,352.0000,call,buy,2020-10-06T16:31:30.151382Z,credit,1.00000,limit,iron_condor,,0.12000000,1.00000
SPY,2020-10-09,329.0000,put,buy,2020-10-06T16:31:03.234120Z,credit,1.00000,limit,iron_condor,,0.12000000,1.00000
SPY,2020-10-09,330.0000,put,sell,2020-10-06T16:31:03.234120Z,credit,1.00000,limit,iron_condor,,0.12000000,1.00000
SPY,2020-10-09,351.0000,call,sell,2020-10-06T16:31:03.234120Z,credit,1.00000,limit,iron_condor,,0.12000000,1.00000
SPY,2020-10-09,352.0000,call,buy,2020-10-06T16:31:03.234120Z,credit,1.00000,limit,iron_condor,,0.12000000,1.00000
SPY,2020-10-09,352.0000,call,buy,2020-10-06T16:30:48.684008Z,credit,1.00000,limit,iron_condor,,0.12000000,1.00000
SPY,2020-10-09,329.0000,put,buy,2020-10-06T16:30:48.684008Z,credit,1.00000,limit,iron_condor,,0.12000000,1.00000
SPY,2020-10-09,330.0000,put,sell,2020-10-06T16:30:48.684008Z,credit,1.00000,limit,iron_condor,,0.12000000,1.00000
SPY,2020-10-09,351.0000,call,sell,2020-10-06T16:30:48.684008Z,credit,1.00000,limit,iron_condor,,0.12000000,1.00000
SPY,2020-10-09,351.0000,call,sell,2020-10-06T16:30:36.418397Z,credit,1.00000,limit,iron_condor,,0.12000000,1.00000
SPY,2020-10-09,329.0000,put,buy,2020-10-06T16:30:36.418397Z,credit,1.00000,limit,iron_condor,,0.12000000,1.00000
SPY,2020-10-09,330.0000,put,sell,2020-10-06T16:30:36.418397Z,credit,1.00000,limit,iron_condor,,0.12000000,1.00000
SPY,2020-10-09,352.0000,call,buy,2020-10-06T16:30:36.418397Z,credit,1.00000,limit,iron_condor,,0.12000000,1.00000
SPY,2020-10-09,329.0000,put,buy,2020-10-06T16:29:30.564819Z,credit,1.00000,limit,iron_condor,,0.12000000,1.00000
SPY,2020-10-09,330.0000,put,sell,2020-10-06T16:29:30.564819Z,credit,1.00000,limit,iron_condor,,0.12000000,1.00000
SPY,2020-10-09,351.0000,call,sell,2020-10-06T16:29:30.564819Z,credit,1.00000,limit,iron_condor,,0.12000000,1.00000
SPY,2020-10-09,352.0000,call,buy,2020-10-06T16:29:30.564819Z,credit,1.00000,limit,iron_condor,,0.12000000,1.00000
SPY,2020-10-09,352.0000,call,buy,2020-10-06T16:29:13.792571Z,credit,1.00000,limit,iron_condor,,0.12000000,1.00000
SPY,2020-10-09,351.0000,call,sell,2020-10-06T16:29:13.792571Z,credit,1.00000,limit,iron_condor,,0.12000000,1.00000
SPY,2020-10-09,330.0000,put,sell,2020-10-06T16:29:13.792571Z,credit,1.00000,limit,iron_condor,,0.12000000,1.00000
SPY,2020-10-09,329.0000,put,buy,2020-10-06T16:29:13.792571Z,credit,1.00000,limit,iron_condor,,0.12000000,1.00000
SPY,2020-10-09,352.0000,call,buy,2020-10-06T16:29:07.687092Z,credit,1.00000,limit,iron_condor,,0.12000000,1.00000
SPY,2020-10-09,351.0000,call,sell,2020-10-06T16:29:07.687092Z,credit,1.00000,limit,iron_condor,,0.12000000,1.00000
SPY,2020-10-09,330.0000,put,sell,2020-10-06T16:29:07.687092Z,credit,1.00000,limit,iron_condor,,0.12000000,1.00000
SPY,2020-10-09,329.0000,put,buy,2020-10-06T16:29:07.687092Z,credit,1.00000,limit,iron_condor,,0.12000000,1.00000
SPY,2020-10-09,352.0000,call,buy,2020-10-06T16:28:52.255586Z,credit,1.00000,limit,iron_condor,,0.12000000,1.00000
SPY,2020-10-09,351.0000,call,sell,2020-10-06T16:28:52.255586Z,credit,1.00000,limit,iron_condor,,0.12000000,1.00000
SPY,2020-10-09,330.0000,put,sell,2020-10-06T16:28:52.255586Z,credit,1.00000,limit,iron_condor,,0.12000000,1.00000
SPY,2020-10-09,329.0000,put,buy,2020-10-06T16:28:52.255586Z,credit,1.00000,limit,iron_condor,,0.12000000,1.00000
SPY,2020-10-09,352.0000,call,buy,2020-10-06T16:28:35.789239Z,credit,1.00000,limit,iron_condor,,0.11000000,1.00000
SPY,2020-10-09,351.0000,call,sell,2020-10-06T16:28:35.789239Z,credit,1.00000,limit,iron_condor,,0.11000000,1.00000
SPY,2020-10-09,330.0000,put,sell,2020-10-06T16:28:35.789239Z,credit,1.00000,limit,iron_condor,,0.11000000,1.00000
SPY,2020-10-09,329.0000,put,buy,2020-10-06T16:28:35.789239Z,credit,1.00000,limit,iron_condor,,0.11000000,1.00000
AAPL,2020-10-09,125.0000,call,sell,2020-10-05T19:30:18.592766Z,credit,1.00000,limit,short_call,,0.06000000,1.00000
AAPL,2020-10-09,120.0000,call,buy,2020-10-05T19:13:31.659243Z,debit,1.00000,limit,,short_call,0.56000000,1.00000
SPY,2020-10-05,342.0000,call,buy,2020-10-05T14:51:11.738356Z,debit,1.00000,limit,,iron_condor,0.05000000,1.00000
SPY,2020-10-05,324.0000,put,sell,2020-10-05T14:51:11.738356Z,debit,1.00000,limit,,iron_condor,0.05000000,1.00000
SPY,2020-10-05,325.0000,put,buy,2020-10-05T14:51:11.738356Z,debit,1.00000,limit,,iron_condor,0.05000000,1.00000
SPY,2020-10-05,343.0000,call,sell,2020-10-05T14:51:11.738356Z,debit,1.00000,limit,,iron_condor,0.05000000,1.00000
SPY,2020-10-05,342.0000,call,buy,2020-10-05T14:51:00.807817Z,debit,1.00000,limit,,iron_condor,0.05000000,1.00000
SPY,2020-10-05,324.0000,put,sell,2020-10-05T14:51:00.807817Z,debit,1.00000,limit,,iron_condor,0.05000000,1.00000
SPY,2020-10-05,325.0000,put,buy,2020-10-05T14:51:00.807817Z,debit,1.00000,limit,,iron_condor,0.05000000,1.00000
SPY,2020-10-05,343.0000,call,sell,2020-10-05T14:51:00.807817Z,debit,1.00000,limit,,iron_condor,0.05000000,1.00000
JD,2020-10-09,79.0000,call,sell,2020-10-05T13:44:54.006200Z,credit,1.00000,limit,short_call,,0.75000000,1.00000
HYLN,2020-10-09,43.0000,call,sell,2020-10-05T13:34:52.934089Z,credit,1.00000,limit,short_call,,3.30000000,1.00000
SPY,2020-10-05,325.0000,put,buy,2020-10-05T13:33:21.358492Z,debit,1.00000,limit,,iron_condor,0.15000000,1.00000
SPY,2020-10-05,324.0000,put,sell,2020-10-05T13:33:21.358492Z,debit,1.00000,limit,,iron_condor,0.15000000,1.00000
SPY,2020-10-05,341.0000,call,sell,2020-10-05T13:33:21.358492Z,debit,1.00000,limit,,iron_condor,0.15000000,1.00000
SPY,2020-10-05,340.0000,call,buy,2020-10-05T13:33:21.358492Z,debit,1.00000,limit,,iron_condor,0.15000000,1.00000
SPY,2020-10-05,325.0000,put,buy,2020-10-05T13:33:07.453599Z,debit,1.00000,limit,,iron_condor,0.14000000,1.00000
SPY,2020-10-05,324.0000,put,sell,2020-10-05T13:33:07.453599Z,debit,1.00000,limit,,iron_condor,0.14000000,1.00000
SPY,2020-10-05,341.0000,call,sell,2020-10-05T13:33:07.453599Z,debit,1.00000,limit,,iron_condor,0.14000000,1.00000
SPY,2020-10-05,340.0000,call,buy,2020-10-05T13:33:07.453599Z,debit,1.00000,limit,,iron_condor,0.14000000,1.00000
SPY,2020-10-05,325.0000,put,buy,2020-10-05T13:32:31.366801Z,debit,1.00000,limit,,iron_condor,0.15000000,1.00000
SPY,2020-10-05,324.0000,put,sell,2020-10-05T13:32:31.366801Z,debit,1.00000,limit,,iron_condor,0.15000000,1.00000
SPY,2020-10-05,341.0000,call,sell,2020-10-05T13:32:31.366801Z,debit,1.00000,limit,,iron_condor,0.15000000,1.00000
SPY,2020-10-05,340.0000,call,buy,2020-10-05T13:32:31.366801Z,debit,1.00000,limit,,iron_condor,0.15000000,1.00000
SPY,2020-10-05,340.0000,call,buy,2020-10-05T13:32:12.994253Z,debit,1.00000,limit,,iron_condor,0.15000000,1.00000
SPY,2020-10-05,341.0000,call,sell,2020-10-05T13:32:12.994253Z,debit,1.00000,limit,,iron_condor,0.15000000,1.00000
SPY,2020-10-05,324.0000,put,sell,2020-10-05T13:32:12.994253Z,debit,1.00000,limit,,iron_condor,0.15000000,1.00000
SPY,2020-10-05,325.0000,put,buy,2020-10-05T13:32:12.994253Z,debit,1.00000,limit,,iron_condor,0.15000000,1.00000
SPY,2020-10-05,340.0000,call,buy,2020-10-05T13:31:07.540507Z,debit,1.00000,limit,,iron_condor,0.13000000,1.00000
SPY,2020-10-05,341.0000,call,sell,2020-10-05T13:31:07.540507Z,debit,1.00000,limit,,iron_condor,0.13000000,1.00000
SPY,2020-10-05,324.0000,put,sell,2020-10-05T13:31:07.540507Z,debit,1.00000,limit,,iron_condor,0.13000000,1.00000
SPY,2020-10-05,325.0000,put,buy,2020-10-05T13:31:07.540507Z,debit,1.00000,limit,,iron_condor,0.13000000,1.00000
SPY,2020-10-05,340.0000,call,buy,2020-10-05T13:30:32.718901Z,debit,1.00000,limit,,iron_condor,0.11000000,1.00000
SPY,2020-10-05,341.0000,call,sell,2020-10-05T13:30:32.718901Z,debit,1.00000,limit,,iron_condor,0.11000000,1.00000
SPY,2020-10-05,324.0000,put,sell,2020-10-05T13:30:32.718901Z,debit,1.00000,limit,,iron_condor,0.11000000,1.00000
SPY,2020-10-05,325.0000,put,buy,2020-10-05T13:30:32.718901Z,debit,1.00000,limit,,iron_condor,0.11000000,1.00000
SPY,2020-10-05,340.0000,call,buy,2020-10-05T13:30:22.573638Z,debit,1.00000,limit,,iron_condor,0.12000000,1.00000
SPY,2020-10-05,341.0000,call,sell,2020-10-05T13:30:22.573638Z,debit,1.00000,limit,,iron_condor,0.12000000,1.00000
SPY,2020-10-05,324.0000,put,sell,2020-10-05T13:30:22.573638Z,debit,1.00000,limit,,iron_condor,0.12000000,1.00000
SPY,2020-10-05,325.0000,put,buy,2020-10-05T13:30:22.573638Z,debit,1.00000,limit,,iron_condor,0.12000000,1.00000
SPY,2020-10-05,342.0000,call,sell,2020-10-02T16:48:57.050449Z,credit,1.00000,limit,iron_condor,,0.17000000,1.00000
SPY,2020-10-05,343.0000,call,buy,2020-10-02T16:48:57.050449Z,credit,1.00000,limit,iron_condor,,0.17000000,1.00000
SPY,2020-10-05,325.0000,put,sell,2020-10-02T16:48:57.050449Z,credit,1.00000,limit,iron_condor,,0.17000000,1.00000
SPY,2020-10-05,324.0000,put,buy,2020-10-02T16:48:57.050449Z,credit,1.00000,limit,iron_condor,,0.17000000,1.00000
SPY,2020-10-05,324.0000,put,buy,2020-10-02T16:44:26.596751Z,credit,1.00000,limit,iron_condor,,0.18000000,1.00000
SPY,2020-10-05,325.0000,put,sell,2020-10-02T16:44:26.596751Z,credit,1.00000,limit,iron_condor,,0.18000000,1.00000
SPY,2020-10-05,343.0000,call,buy,2020-10-02T16:44:26.596751Z,credit,1.00000,limit,iron_condor,,0.18000000,1.00000
SPY,2020-10-05,342.0000,call,sell,2020-10-02T16:44:26.596751Z,credit,1.00000,limit,iron_condor,,0.18000000,1.00000
SPY,2020-10-05,325.0000,put,sell,2020-10-02T16:32:04.860264Z,credit,1.00000,limit,iron_condor,,0.28000000,1.00000
SPY,2020-10-05,324.0000,put,buy,2020-10-02T16:32:04.860264Z,credit,1.00000,limit,iron_condor,,0.28000000,1.00000
SPY,2020-10-05,341.0000,call,buy,2020-10-02T16:32:04.860264Z,credit,1.00000,limit,iron_condor,,0.28000000,1.00000
SPY,2020-10-05,340.0000,call,sell,2020-10-02T16:32:04.860264Z,credit,1.00000,limit,iron_condor,,0.28000000,1.00000
SPY,2020-10-05,325.0000,put,sell,2020-10-02T16:31:51.131482Z,credit,1.00000,limit,iron_condor,,0.27000000,1.00000
SPY,2020-10-05,324.0000,put,buy,2020-10-02T16:31:51.131482Z,credit,1.00000,limit,iron_condor,,0.27000000,1.00000
SPY,2020-10-05,341.0000,call,buy,2020-10-02T16:31:51.131482Z,credit,1.00000,limit,iron_condor,,0.27000000,1.00000
SPY,2020-10-05,340.0000,call,sell,2020-10-02T16:31:51.131482Z,credit,1.00000,limit,iron_condor,,0.27000000,1.00000
SPY,2020-10-05,325.0000,put,sell,2020-10-02T16:31:44.632437Z,credit,1.00000,limit,iron_condor,,0.28000000,1.00000
SPY,2020-10-05,324.0000,put,buy,2020-10-02T16:31:44.632437Z,credit,1.00000,limit,iron_condor,,0.28000000,1.00000
SPY,2020-10-05,341.0000,call,buy,2020-10-02T16:31:44.632437Z,credit,1.00000,limit,iron_condor,,0.28000000,1.00000
SPY,2020-10-05,340.0000,call,sell,2020-10-02T16:31:44.632437Z,credit,1.00000,limit,iron_condor,,0.28000000,1.00000
SPY,2020-10-05,325.0000,put,sell,2020-10-02T16:31:37.831295Z,credit,1.00000,limit,iron_condor,,0.28000000,1.00000
SPY,2020-10-05,324.0000,put,buy,2020-10-02T16:31:37.831295Z,credit,1.00000,limit,iron_condor,,0.28000000,1.00000
SPY,2020-10-05,341.0000,call,buy,2020-10-02T16:31:37.831295Z,credit,1.00000,limit,iron_condor,,0.28000000,1.00000
SPY,2020-10-05,340.0000,call,sell,2020-10-02T16:31:37.831295Z,credit,1.00000,limit,iron_condor,,0.28000000,1.00000
SPY,2020-10-05,325.0000,put,sell,2020-10-02T16:31:30.681508Z,credit,1.00000,limit,iron_condor,,0.27000000,1.00000
SPY,2020-10-05,324.0000,put,buy,2020-10-02T16:31:30.681508Z,credit,1.00000,limit,iron_condor,,0.27000000,1.00000
SPY,2020-10-05,341.0000,call,buy,2020-10-02T16:31:30.681508Z,credit,1.00000,limit,iron_condor,,0.27000000,1.00000
SPY,2020-10-05,340.0000,call,sell,2020-10-02T16:31:30.681508Z,credit,1.00000,limit,iron_condor,,0.27000000,1.00000
SPY,2020-10-05,325.0000,put,sell,2020-10-02T16:31:15.739238Z,credit,1.00000,limit,iron_condor,,0.27000000,1.00000
SPY,2020-10-05,324.0000,put,buy,2020-10-02T16:31:15.739238Z,credit,1.00000,limit,iron_condor,,0.27000000,1.00000
SPY,2020-10-05,341.0000,call,buy,2020-10-02T16:31:15.739238Z,credit,1.00000,limit,iron_condor,,0.27000000,1.00000
SPY,2020-10-05,340.0000,call,sell,2020-10-02T16:31:15.739238Z,credit,1.00000,limit,iron_condor,,0.27000000,1.00000
SPY,2020-10-05,325.0000,put,sell,2020-10-02T16:30:46.247041Z,credit,1.00000,limit,iron_condor,,0.28000000,1.00000
SPY,2020-10-05,324.0000,put,buy,2020-10-02T16:30:46.247041Z,credit,1.00000,limit,iron_condor,,0.28000000,1.00000
SPY,2020-10-05,341.0000,call,buy,2020-10-02T16:30:46.247041Z,credit,1.00000,limit,iron_condor,,0.28000000,1.00000
SPY,2020-10-05,340.0000,call,sell,2020-10-02T16:30:46.247041Z,credit,1.00000,limit,iron_condor,,0.28000000,1.00000
WKHS,2020-10-09,27.0000,call,sell,2020-10-02T16:08:01.173836Z,credit,4.00000,limit,short_call,,0.65000000,4.00000
WKHS,2020-10-02,27.0000,call,buy,2020-10-02T16:07:28.575908Z,debit,4.00000,limit,,short_call,0.05000000,4.00000
AAPL,2020-10-09,120.0000,call,sell,2020-10-02T15:12:21.272362Z,credit,1.00000,limit,short_call,,0.85000000,1.00000
AAPL,2020-10-02,113.7500,call,buy,2020-10-02T15:06:15.709786Z,debit,1.00000,limit,,short_call,1.44000000,1.00000
JD,2020-10-02,79.0000,call,sell,2020-09-30T15:23:37.888245Z,credit,1.00000,limit,short_call,,0.88000000,1.00000
NVDA,2021-03-19,680.0000,call,sell,2020-09-30T15:16:15.736743Z,credit,1.00000,limit,,long_call,33.90000000,1.00000
AAPL,2021-03-19,130.0000,call,sell,2020-09-30T15:15:57.565440Z,credit,1.00000,limit,,long_call,7.65000000,1.00000
PLUG,2020-10-02,13.0000,call,sell,2020-09-30T14:23:48.684241Z,credit,1.00000,limit,short_call,,0.34000000,1.00000
NIO,2020-10-09,23.0000,call,sell,2020-09-30T14:20:14.351822Z,credit,1.00000,limit,short_call,,1.66000000,1.00000
NIO,2020-10-02,19.0000,put,buy,2020-09-30T14:19:22.731971Z,debit,1.00000,limit,,short_put,0.08000000,1.00000
NIO,2020-10-02,19.0000,put,sell,2020-09-29T15:56:33.695230Z,credit,1.00000,limit,short_put,,0.35000000,1.00000
WKHS,2020-10-02,27.0000,call,sell,2020-09-29T15:30:55.882330Z,credit,4.00000,limit,short_call,,1.15000000,4.00000
AMD,2020-10-02,78.5000,put,buy,2020-09-29T15:28:28.996584Z,debit,1.00000,limit,,short_put,0.71000000,1.00000
AMD,2020-10-02,78.5000,put,sell,2020-09-28T13:33:46.217544Z,credit,1.00000,limit,short_put,,1.95000000,1.00000
XLF,2020-09-25,23.5000,put,sell,2020-09-25T15:42:44.407884Z,credit,1.00000,limit,,long_put,0.23000000,1.00000
XLF,2020-09-25,24.0000,put,buy,2020-09-25T15:39:52.098593Z,debit,1.00000,limit,,short_put,0.73000000,1.00000
XLF,2020-09-25,26.0000,call,buy,2020-09-25T15:34:25.724913Z,debit,1.00000,limit,,short_call,0.01000000,1.00000
NIO,2020-10-02,19.0000,call,sell,2020-09-25T15:00:50.709350Z,credit,2.00000,limit,short_call,,0.53000000,2.00000
AAPL,2020-10-02,113.7500,call,sell,2020-09-25T15:00:10.490990Z,credit,1.00000,limit,short_call,,1.57000000,1.00000
AAPL,2020-09-25,115.0000,call,buy,2020-09-25T14:35:26.525820Z,debit,1.00000,limit,,short_call,0.02000000,1.00000
NIO,2020-09-25,20.0000,call,buy,2020-09-25T14:35:16.932065Z,debit,2.00000,limit,,short_call,0.02000000,2.00000
JPM,2020-09-25,95.0000,put,sell,2020-09-24T13:50:59.040099Z,debit,1.00000,limit,,short_put_spread,0.40000000,1.00000
JPM,2020-09-25,95.5000,put,buy,2020-09-24T13:50:59.040099Z,debit,1.00000,limit,,short_put_spread,0.40000000,1.00000
SPY,2020-09-23,323.0000,put,buy,2020-09-23T19:00:50.647861Z,debit,1.00000,limit,,iron_condor,0.23000000,1.00000
SPY,2020-09-23,336.0000,call,buy,2020-09-23T19:00:50.647861Z,debit,1.00000,limit,,iron_condor,0.23000000,1.00000
SPY,2020-09-23,337.0000,call,sell,2020-09-23T19:00:50.647861Z,debit,1.00000,limit,,iron_condor,0.23000000,1.00000
SPY,2020-09-23,322.0000,put,sell,2020-09-23T19:00:50.647861Z,debit,1.00000,limit,,iron_condor,0.23000000,1.00000
SPY,2020-09-23,337.0000,call,sell,2020-09-23T19:00:29.316323Z,debit,1.00000,limit,,iron_condor,0.24000000,1.00000
SPY,2020-09-23,336.0000,call,buy,2020-09-23T19:00:29.316323Z,debit,1.00000,limit,,iron_condor,0.24000000,1.00000
SPY,2020-09-23,323.0000,put,buy,2020-09-23T19:00:29.316323Z,debit,1.00000,limit,,iron_condor,0.24000000,1.00000
SPY,2020-09-23,322.0000,put,sell,2020-09-23T19:00:29.316323Z,debit,1.00000,limit,,iron_condor,0.24000000,1.00000
SPY,2020-09-23,322.0000,put,sell,2020-09-23T19:00:13.293304Z,debit,1.00000,limit,,iron_condor,0.28000000,1.00000
SPY,2020-09-23,323.0000,put,buy,2020-09-23T19:00:13.293304Z,debit,1.00000,limit,,iron_condor,0.28000000,1.00000
SPY,2020-09-23,336.0000,call,buy,2020-09-23T19:00:13.293304Z,debit,1.00000,limit,,iron_condor,0.28000000,1.00000
SPY,2020-09-23,337.0000,call,sell,2020-09-23T19:00:13.293304Z,debit,1.00000,limit,,iron_condor,0.28000000,1.00000
SPY,2020-09-23,337.0000,call,sell,2020-09-23T18:59:51.198830Z,debit,1.00000,limit,,iron_condor,0.26000000,1.00000
SPY,2020-09-23,336.0000,call,buy,2020-09-23T18:59:51.198830Z,debit,1.00000,limit,,iron_condor,0.26000000,1.00000
SPY,2020-09-23,323.0000,put,buy,2020-09-23T18:59:51.198830Z,debit,1.00000,limit,,iron_condor,0.26000000,1.00000
SPY,2020-09-23,322.0000,put,sell,2020-09-23T18:59:51.198830Z,debit,1.00000,limit,,iron_condor,0.26000000,1.00000
SPY,2020-09-23,337.0000,call,sell,2020-09-23T18:58:58.899865Z,debit,1.00000,limit,,iron_condor,0.25000000,1.00000
SPY,2020-09-23,336.0000,call,buy,2020-09-23T18:58:58.899865Z,debit,1.00000,limit,,iron_condor,0.25000000,1.00000
SPY,2020-09-23,323.0000,put,buy,2020-09-23T18:58:58.899865Z,debit,1.00000,limit,,iron_condor,0.25000000,1.00000
SPY,2020-09-23,322.0000,put,sell,2020-09-23T18:58:58.899865Z,debit,1.00000,limit,,iron_condor,0.25000000,1.00000
SPY,2020-09-23,337.0000,call,sell,2020-09-23T18:58:47.597197Z,debit,1.00000,limit,,iron_condor,0.25000000,1.00000
SPY,2020-09-23,336.0000,call,buy,2020-09-23T18:58:47.597197Z,debit,1.00000,limit,,iron_condor,0.25000000,1.00000
SPY,2020-09-23,323.0000,put,buy,2020-09-23T18:58:47.597197Z,debit,1.00000,limit,,iron_condor,0.25000000,1.00000
SPY,2020-09-23,322.0000,put,sell,2020-09-23T18:58:47.597197Z,debit,1.00000,limit,,iron_condor,0.25000000,1.00000
SPY,2020-09-23,322.0000,put,sell,2020-09-23T18:58:37.085480Z,debit,1.00000,limit,,iron_condor,0.27000000,1.00000
SPY,2020-09-23,323.0000,put,buy,2020-09-23T18:58:37.085480Z,debit,1.00000,limit,,iron_condor,0.27000000,1.00000
SPY,2020-09-23,336.0000,call,buy,2020-09-23T18:58:37.085480Z,debit,1.00000,limit,,iron_condor,0.27000000,1.00000
SPY,2020-09-23,337.0000,call,sell,2020-09-23T18:58:37.085480Z,debit,1.00000,limit,,iron_condor,0.27000000,1.00000
SPY,2020-09-23,322.0000,put,sell,2020-09-23T18:58:14.059168Z,debit,1.00000,limit,,iron_condor,0.25000000,1.00000
SPY,2020-09-23,323.0000,put,buy,2020-09-23T18:58:14.059168Z,debit,1.00000,limit,,iron_condor,0.25000000,1.00000
SPY,2020-09-23,336.0000,call,buy,2020-09-23T18:58:14.059168Z,debit,1.00000,limit,,iron_condor,0.25000000,1.00000
SPY,2020-09-23,337.0000,call,sell,2020-09-23T18:58:14.059168Z,debit,1.00000,limit,,iron_condor,0.25000000,1.00000
SPY,2020-09-23,322.0000,put,sell,2020-09-23T18:57:57.086814Z,debit,1.00000,limit,,iron_condor,0.28000000,1.00000
SPY,2020-09-23,323.0000,put,buy,2020-09-23T18:57:57.086814Z,debit,1.00000,limit,,iron_condor,0.28000000,1.00000
SPY,2020-09-23,336.0000,call,buy,2020-09-23T18:57:57.086814Z,debit,1.00000,limit,,iron_condor,0.28000000,1.00000
SPY,2020-09-23,337.0000,call,sell,2020-09-23T18:57:57.086814Z,debit,1.00000,limit,,iron_condor,0.28000000,1.00000
SPY,2020-09-23,322.0000,put,sell,2020-09-23T18:57:17.039934Z,debit,1.00000,limit,,iron_condor,0.26000000,1.00000
SPY,2020-09-23,323.0000,put,buy,2020-09-23T18:57:17.039934Z,debit,1.00000,limit,,iron_condor,0.26000000,1.00000
SPY,2020-09-23,336.0000,call,buy,2020-09-23T18:57:17.039934Z,debit,1.00000,limit,,iron_condor,0.26000000,1.00000
SPY,2020-09-23,337.0000,call,sell,2020-09-23T18:57:17.039934Z,debit,1.00000,limit,,iron_condor,0.26000000,1.00000
SPY,2020-09-23,322.0000,put,sell,2020-09-23T18:56:42.133580Z,debit,1.00000,limit,,iron_condor,0.26000000,1.00000
SPY,2020-09-23,323.0000,put,buy,2020-09-23T18:56:42.133580Z,debit,1.00000,limit,,iron_condor,0.26000000,1.00000
SPY,2020-09-23,336.0000,call,buy,2020-09-23T18:56:42.133580Z,debit,1.00000,limit,,iron_condor,0.26000000,1.00000
SPY,2020-09-23,337.0000,call,sell,2020-09-23T18:56:42.133580Z,debit,1.00000,limit,,iron_condor,0.26000000,1.00000
SPY,2020-09-23,322.0000,put,sell,2020-09-23T18:56:31.330032Z,debit,1.00000,limit,,iron_condor,0.23000000,1.00000
SPY,2020-09-23,323.0000,put,buy,2020-09-23T18:56:31.330032Z,debit,1.00000,limit,,iron_condor,0.23000000,1.00000
SPY,2020-09-23,336.0000,call,buy,2020-09-23T18:56:31.330032Z,debit,1.00000,limit,,iron_condor,0.23000000,1.00000
SPY,2020-09-23,337.0000,call,sell,2020-09-23T18:56:31.330032Z,debit,1.00000,limit,,iron_condor,0.23000000,1.00000
SPY,2020-09-23,322.0000,put,sell,2020-09-23T18:56:14.869769Z,debit,1.00000,limit,,iron_condor,0.22000000,1.00000
SPY,2020-09-23,323.0000,put,buy,2020-09-23T18:56:14.869769Z,debit,1.00000,limit,,iron_condor,0.22000000,1.00000
SPY,2020-09-23,336.0000,call,buy,2020-09-23T18:56:14.869769Z,debit,1.00000,limit,,iron_condor,0.22000000,1.00000
SPY,2020-09-23,337.0000,call,sell,2020-09-23T18:56:14.869769Z,debit,1.00000,limit,,iron_condor,0.22000000,1.00000
SPY,2020-09-23,322.0000,put,sell,2020-09-23T18:54:53.277988Z,debit,1.00000,limit,,iron_condor,0.22000000,1.00000
SPY,2020-09-23,323.0000,put,buy,2020-09-23T18:54:53.277988Z,debit,1.00000,limit,,iron_condor,0.22000000,1.00000
SPY,2020-09-23,336.0000,call,buy,2020-09-23T18:54:53.277988Z,debit,1.00000,limit,,iron_condor,0.22000000,1.00000
SPY,2020-09-23,337.0000,call,sell,2020-09-23T18:54:53.277988Z,debit,1.00000,limit,,iron_condor,0.22000000,1.00000
JPM,2020-09-25,96.5000,put,sell,2020-09-23T15:12:09.339563Z,debit,1.00000,limit,,short_put_spread,0.42000000,1.00000
JPM,2020-09-25,97.0000,put,buy,2020-09-23T15:12:09.339563Z,debit,1.00000,limit,,short_put_spread,0.42000000,1.00000
SPY,2020-09-23,322.0000,put,buy,2020-09-22T19:42:57.903027Z,credit,1.00000,limit,iron_condor,,0.09000000,1.00000
SPY,2020-09-23,323.0000,put,sell,2020-09-22T19:42:57.903027Z,credit,1.00000,limit,iron_condor,,0.09000000,1.00000
SPY,2020-09-23,336.0000,call,sell,2020-09-22T19:42:57.903027Z,credit,1.00000,limit,iron_condor,,0.09000000,1.00000
SPY,2020-09-23,337.0000,call,buy,2020-09-22T19:42:57.903027Z,credit,1.00000,limit,iron_condor,,0.09000000,1.00000
SPY,2020-09-23,337.0000,call,buy,2020-09-22T19:42:41.693004Z,credit,1.00000,limit,iron_condor,,0.09000000,1.00000
SPY,2020-09-23,336.0000,call,sell,2020-09-22T19:42:41.693004Z,credit,1.00000,limit,iron_condor,,0.09000000,1.00000
SPY,2020-09-23,323.0000,put,sell,2020-09-22T19:42:41.693004Z,credit,1.00000,limit,iron_condor,,0.09000000,1.00000
SPY,2020-09-23,322.0000,put,buy,2020-09-22T19:42:41.693004Z,credit,1.00000,limit,iron_condor,,0.09000000,1.00000
SPY,2020-09-23,337.0000,call,buy,2020-09-22T19:42:28.126767Z,credit,1.00000,limit,iron_condor,,0.09000000,1.00000
SPY,2020-09-23,336.0000,call,sell,2020-09-22T19:42:28.126767Z,credit,1.00000,limit,iron_condor,,0.09000000,1.00000
SPY,2020-09-23,323.0000,put,sell,2020-09-22T19:42:28.126767Z,credit,1.00000,limit,iron_condor,,0.09000000,1.00000
SPY,2020-09-23,322.0000,put,buy,2020-09-22T19:42:28.126767Z,credit,1.00000,limit,iron_condor,,0.09000000,1.00000
SPY,2020-09-23,322.0000,put,buy,2020-09-22T19:41:35.677354Z,credit,1.00000,limit,iron_condor,,0.09000000,1.00000
SPY,2020-09-23,323.0000,put,sell,2020-09-22T19:41:35.677354Z,credit,1.00000,limit,iron_condor,,0.09000000,1.00000
SPY,2020-09-23,336.0000,call,sell,2020-09-22T19:41:35.677354Z,credit,1.00000,limit,iron_condor,,0.09000000,1.00000
SPY,2020-09-23,337.0000,call,buy,2020-09-22T19:41:35.677354Z,credit,1.00000,limit,iron_condor,,0.09000000,1.00000
SPY,2020-09-23,337.0000,call,buy,2020-09-22T19:41:22.693031Z,credit,1.00000,limit,iron_condor,,0.09000000,1.00000
SPY,2020-09-23,336.0000,call,sell,2020-09-22T19:41:22.693031Z,credit,1.00000,limit,iron_condor,,0.09000000,1.00000
SPY,2020-09-23,323.0000,put,sell,2020-09-22T19:41:22.693031Z,credit,1.00000,limit,iron_condor,,0.09000000,1.00000
SPY,2020-09-23,322.0000,put,buy,2020-09-22T19:41:22.693031Z,credit,1.00000,limit,iron_condor,,0.09000000,1.00000
SPY,2020-09-23,337.0000,call,buy,2020-09-22T19:41:10.208826Z,credit,1.00000,limit,iron_condor,,0.09000000,1.00000
SPY,2020-09-23,336.0000,call,sell,2020-09-22T19:41:10.208826Z,credit,1.00000,limit,iron_condor,,0.09000000,1.00000
SPY,2020-09-23,323.0000,put,sell,2020-09-22T19:41:10.208826Z,credit,1.00000,limit,iron_condor,,0.09000000,1.00000
SPY,2020-09-23,322.0000,put,buy,2020-09-22T19:41:10.208826Z,credit,1.00000,limit,iron_condor,,0.09000000,1.00000
SPY,2020-09-23,322.0000,put,buy,2020-09-22T19:40:51.235463Z,credit,1.00000,limit,iron_condor,,0.09000000,1.00000
SPY,2020-09-23,323.0000,put,sell,2020-09-22T19:40:51.235463Z,credit,1.00000,limit,iron_condor,,0.09000000,1.00000
SPY,2020-09-23,336.0000,call,sell,2020-09-22T19:40:51.235463Z,credit,1.00000,limit,iron_condor,,0.09000000,1.00000
SPY,2020-09-23,337.0000,call,buy,2020-09-22T19:40:51.235463Z,credit,1.00000,limit,iron_condor,,0.09000000,1.00000
SPY,2020-09-23,337.0000,call,buy,2020-09-22T19:40:21.557233Z,credit,1.00000,limit,iron_condor,,0.09000000,1.00000
SPY,2020-09-23,336.0000,call,sell,2020-09-22T19:40:21.557233Z,credit,1.00000,limit,iron_condor,,0.09000000,1.00000
SPY,2020-09-23,323.0000,put,sell,2020-09-22T19:40:21.557233Z,credit,1.00000,limit,iron_condor,,0.09000000,1.00000
SPY,2020-09-23,322.0000,put,buy,2020-09-22T19:40:21.557233Z,credit,1.00000,limit,iron_condor,,0.09000000,1.00000
SPY,2020-09-23,337.0000,call,buy,2020-09-22T19:40:07.768199Z,credit,1.00000,limit,iron_condor,,0.09000000,1.00000
SPY,2020-09-23,336.0000,call,sell,2020-09-22T19:40:07.768199Z,credit,1.00000,limit,iron_condor,,0.09000000,1.00000
SPY,2020-09-23,323.0000,put,sell,2020-09-22T19:40:07.768199Z,credit,1.00000,limit,iron_condor,,0.09000000,1.00000
SPY,2020-09-23,322.0000,put,buy,2020-09-22T19:40:07.768199Z,credit,1.00000,limit,iron_condor,,0.09000000,1.00000
SPY,2020-09-23,322.0000,put,buy,2020-09-22T19:39:52.425839Z,credit,1.00000,limit,iron_condor,,0.09000000,1.00000
SPY,2020-09-23,323.0000,put,sell,2020-09-22T19:39:52.425839Z,credit,1.00000,limit,iron_condor,,0.09000000,1.00000
SPY,2020-09-23,336.0000,call,sell,2020-09-22T19:39:52.425839Z,credit,1.00000,limit,iron_condor,,0.09000000,1.00000
SPY,2020-09-23,337.0000,call,buy,2020-09-22T19:39:52.425839Z,credit,1.00000,limit,iron_condor,,0.09000000,1.00000
SPY,2020-09-23,337.0000,call,buy,2020-09-22T19:38:46.262231Z,credit,1.00000,limit,iron_condor,,0.09000000,1.00000
SPY,2020-09-23,336.0000,call,sell,2020-09-22T19:38:46.262231Z,credit,1.00000,limit,iron_condor,,0.09000000,1.00000
SPY,2020-09-23,323.0000,put,sell,2020-09-22T19:38:46.262231Z,credit,1.00000,limit,iron_condor,,0.09000000,1.00000
SPY,2020-09-23,322.0000,put,buy,2020-09-22T19:38:46.262231Z,credit,1.00000,limit,iron_condor,,0.09000000,1.00000
SPY,2020-09-23,322.0000,put,buy,2020-09-22T19:34:42.432279Z,credit,1.00000,limit,iron_condor,,0.10000000,1.00000
SPY,2020-09-23,323.0000,put,sell,2020-09-22T19:34:42.432279Z,credit,1.00000,limit,iron_condor,,0.10000000,1.00000
SPY,2020-09-23,336.0000,call,sell,2020-09-22T19:34:42.432279Z,credit,1.00000,limit,iron_condor,,0.10000000,1.00000
SPY,2020-09-23,337.0000,call,buy,2020-09-22T19:34:42.432279Z,credit,1.00000,limit,iron_condor,,0.10000000,1.00000
SPY,2020-09-23,322.0000,put,buy,2020-09-22T19:34:36.186735Z,credit,1.00000,limit,iron_condor,,0.10000000,1.00000
SPY,2020-09-23,323.0000,put,sell,2020-09-22T19:34:36.186735Z,credit,1.00000,limit,iron_condor,,0.10000000,1.00000
SPY,2020-09-23,336.0000,call,sell,2020-09-22T19:34:36.186735Z,credit,1.00000,limit,iron_condor,,0.10000000,1.00000
SPY,2020-09-23,337.0000,call,buy,2020-09-22T19:34:36.186735Z,credit,1.00000,limit,iron_condor,,0.10000000,1.00000
SPY,2020-09-23,322.0000,put,buy,2020-09-22T19:34:24.112533Z,credit,1.00000,limit,iron_condor,,0.10000000,1.00000
SPY,2020-09-23,323.0000,put,sell,2020-09-22T19:34:24.112533Z,credit,1.00000,limit,iron_condor,,0.10000000,1.00000
SPY,2020-09-23,336.0000,call,sell,2020-09-22T19:34:24.112533Z,credit,1.00000,limit,iron_condor,,0.10000000,1.00000
SPY,2020-09-23,337.0000,call,buy,2020-09-22T19:34:24.112533Z,credit,1.00000,limit,iron_condor,,0.10000000,1.00000
SPY,2020-09-23,314.0000,put,sell,2020-09-22T16:04:32.970035Z,debit,1.00000,limit,,short_put_spread,0.01000000,1.00000
SPY,2020-09-23,315.0000,put,buy,2020-09-22T16:04:32.970035Z,debit,1.00000,limit,,short_put_spread,0.01000000,1.00000
SPY,2020-09-23,314.0000,put,sell,2020-09-22T16:04:24.675765Z,debit,1.00000,limit,,short_put_spread,0.01000000,1.00000
SPY,2020-09-23,315.0000,put,buy,2020-09-22T16:04:24.675765Z,debit,1.00000,limit,,short_put_spread,0.01000000,1.00000
SPY,2020-09-23,314.0000,put,sell,2020-09-22T16:04:16.724049Z,debit,1.00000,limit,,short_put_spread,0.01000000,1.00000
SPY,2020-09-23,315.0000,put,buy,2020-09-22T16:04:16.724049Z,debit,1.00000,limit,,short_put_spread,0.01000000,1.00000
SPY,2020-09-23,314.0000,put,sell,2020-09-22T16:04:09.498697Z,debit,1.00000,limit,,short_put_spread,0.01000000,1.00000
SPY,2020-09-23,315.0000,put,buy,2020-09-22T16:04:09.498697Z,debit,1.00000,limit,,short_put_spread,0.01000000,1.00000
SPY,2020-09-23,314.0000,put,sell,2020-09-22T16:04:00.818852Z,debit,1.00000,limit,,short_put_spread,0.01000000,1.00000
SPY,2020-09-23,315.0000,put,buy,2020-09-22T16:04:00.818852Z,debit,1.00000,limit,,short_put_spread,0.01000000,1.00000
SPY,2020-09-23,315.0000,put,buy,2020-09-22T16:03:51.000036Z,debit,1.00000,limit,,short_put_spread,0.01000000,1.00000
SPY,2020-09-23,314.0000,put,sell,2020-09-22T16:03:51.000036Z,debit,1.00000,limit,,short_put_spread,0.01000000,1.00000
SPY,2020-09-23,314.0000,put,sell,2020-09-22T13:54:29.780551Z,debit,1.00000,limit,,short_put_spread,0.02000000,1.00000
SPY,2020-09-23,315.0000,put,buy,2020-09-22T13:54:29.780551Z,debit,1.00000,limit,,short_put_spread,0.02000000,1.00000
SPY,2020-09-23,314.0000,put,sell,2020-09-22T13:54:21.152904Z,debit,1.00000,limit,,short_put_spread,0.02000000,1.00000
SPY,2020-09-23,315.0000,put,buy,2020-09-22T13:54:21.152904Z,debit,1.00000,limit,,short_put_spread,0.02000000,1.00000
SPY,2020-09-23,314.0000,put,sell,2020-09-22T13:54:12.428368Z,debit,1.00000,limit,,short_put_spread,0.02000000,1.00000
SPY,2020-09-23,315.0000,put,buy,2020-09-22T13:54:12.428368Z,debit,1.00000,limit,,short_put_spread,0.02000000,1.00000
SPY,2020-09-23,314.0000,put,sell,2020-09-22T13:54:03.500548Z,debit,1.00000,limit,,short_put_spread,0.02000000,1.00000
SPY,2020-09-23,315.0000,put,buy,2020-09-22T13:54:03.500548Z,debit,1.00000,limit,,short_put_spread,0.02000000,1.00000
SPY,2020-09-23,314.0000,put,sell,2020-09-22T13:53:54.081134Z,debit,1.00000,limit,,short_put_spread,0.02000000,1.00000
SPY,2020-09-23,315.0000,put,buy,2020-09-22T13:53:54.081134Z,debit,1.00000,limit,,short_put_spread,0.02000000,1.00000
SPY,2020-09-23,314.0000,put,sell,2020-09-22T13:53:34.325951Z,debit,1.00000,limit,,short_put_spread,0.02000000,1.00000
SPY,2020-09-23,315.0000,put,buy,2020-09-22T13:53:34.325951Z,debit,1.00000,limit,,short_put_spread,0.02000000,1.00000
SPY,2020-09-23,315.0000,put,buy,2020-09-22T13:49:09.094007Z,debit,1.00000,limit,,short_put_spread,0.02000000,1.00000
SPY,2020-09-23,314.0000,put,sell,2020-09-22T13:49:09.094007Z,debit,1.00000,limit,,short_put_spread,0.02000000,1.00000
SPY,2020-09-23,314.0000,put,buy,2020-09-21T16:11:12.801992Z,credit,10.00000,limit,short_put_spread,,0.11000000,10.00000
SPY,2020-09-23,315.0000,put,sell,2020-09-21T16:11:12.801992Z,credit,10.00000,limit,short_put_spread,,0.11000000,10.00000
SPY,2020-09-21,325.0000,put,buy,2020-09-21T15:54:59.457323Z,debit,1.00000,limit,,short_put_spread,0.58000000,1.00000
SPY,2020-09-21,324.0000,put,sell,2020-09-21T15:54:59.457323Z,debit,1.00000,limit,,short_put_spread,0.58000000,1.00000
SPY,2020-09-21,325.0000,put,buy,2020-09-21T15:53:54.192569Z,debit,1.00000,limit,,short_put_spread,0.57000000,1.00000
SPY,2020-09-21,324.0000,put,sell,2020-09-21T15:53:54.192569Z,debit,1.00000,limit,,short_put_spread,0.57000000,1.00000
SPY,2020-09-21,325.0000,put,buy,2020-09-21T15:53:19.710402Z,debit,1.00000,limit,,short_put_spread,0.58000000,1.00000
SPY,2020-09-21,324.0000,put,sell,2020-09-21T15:53:19.710402Z,debit,1.00000,limit,,short_put_spread,0.58000000,1.00000
SPY,2020-09-21,325.0000,put,buy,2020-09-21T15:52:45.750547Z,debit,1.00000,limit,,short_put_spread,0.59000000,1.00000
SPY,2020-09-21,324.0000,put,sell,2020-09-21T15:52:45.750547Z,debit,1.00000,limit,,short_put_spread,0.59000000,1.00000
SPY,2020-09-21,325.0000,put,buy,2020-09-21T15:51:25.053067Z,debit,1.00000,limit,,short_put_spread,0.61000000,1.00000
SPY,2020-09-21,324.0000,put,sell,2020-09-21T15:51:25.053067Z,debit,1.00000,limit,,short_put_spread,0.61000000,1.00000
SPY,2020-09-21,325.0000,put,buy,2020-09-21T15:49:20.525912Z,debit,1.00000,limit,,short_put_spread,0.61000000,1.00000
SPY,2020-09-21,324.0000,put,sell,2020-09-21T15:49:20.525912Z,debit,1.00000,limit,,short_put_spread,0.61000000,1.00000
SPY,2020-09-21,325.0000,put,buy,2020-09-21T15:48:13.043256Z,debit,1.00000,limit,,short_put_spread,0.63000000,1.00000
SPY,2020-09-21,324.0000,put,sell,2020-09-21T15:48:13.043256Z,debit,1.00000,limit,,short_put_spread,0.63000000,1.00000
SPY,2020-09-21,325.0000,put,buy,2020-09-21T15:47:23.052165Z,debit,1.00000,limit,,short_put_spread,0.62000000,1.00000
SPY,2020-09-21,324.0000,put,sell,2020-09-21T15:47:23.052165Z,debit,1.00000,limit,,short_put_spread,0.62000000,1.00000
SPY,2020-09-21,325.0000,put,buy,2020-09-21T15:47:11.178167Z,debit,1.00000,limit,,short_put_spread,0.65000000,1.00000
SPY,2020-09-21,324.0000,put,sell,2020-09-21T15:47:11.178167Z,debit,1.00000,limit,,short_put_spread,0.65000000,1.00000
SPY,2020-09-21,325.0000,put,buy,2020-09-21T15:46:51.869518Z,debit,1.00000,limit,,short_put_spread,0.66000000,1.00000
SPY,2020-09-21,324.0000,put,sell,2020-09-21T15:46:51.869518Z,debit,1.00000,limit,,short_put_spread,0.66000000,1.00000
SPY,2020-09-21,325.0000,put,buy,2020-09-21T15:46:09.491869Z,debit,1.00000,limit,,short_put_spread,0.66000000,1.00000
SPY,2020-09-21,324.0000,put,sell,2020-09-21T15:46:09.491869Z,debit,1.00000,limit,,short_put_spread,0.66000000,1.00000
SPY,2020-09-21,325.0000,put,buy,2020-09-21T15:43:29.940842Z,debit,1.00000,limit,,short_put_spread,0.63000000,1.00000
SPY,2020-09-21,324.0000,put,sell,2020-09-21T15:43:29.940842Z,debit,1.00000,limit,,short_put_spread,0.63000000,1.00000
SPY,2020-09-21,325.0000,put,buy,2020-09-21T15:43:15.248931Z,debit,1.00000,limit,,short_put_spread,0.65000000,1.00000
SPY,2020-09-21,324.0000,put,sell,2020-09-21T15:43:15.248931Z,debit,1.00000,limit,,short_put_spread,0.65000000,1.00000
SPY,2020-09-21,325.0000,put,buy,2020-09-21T15:42:25.126954Z,debit,1.00000,limit,,short_put_spread,0.69000000,1.00000
SPY,2020-09-21,324.0000,put,sell,2020-09-21T15:42:25.126954Z,debit,1.00000,limit,,short_put_spread,0.69000000,1.00000
SPY,2020-09-21,324.0000,put,sell,2020-09-21T15:31:04.414825Z,debit,1.00000,limit,,short_put_spread,0.69000000,1.00000
SPY,2020-09-21,325.0000,put,buy,2020-09-21T15:31:04.414825Z,debit,1.00000,limit,,short_put_spread,0.69000000,1.00000
SPY,2020-09-21,324.0000,put,sell,2020-09-21T15:28:13.234976Z,debit,1.00000,limit,,short_put_spread,0.68000000,1.00000
SPY,2020-09-21,325.0000,put,buy,2020-09-21T15:28:13.234976Z,debit,1.00000,limit,,short_put_spread,0.68000000,1.00000
SPY,2020-09-21,324.0000,put,sell,2020-09-21T15:27:34.155376Z,debit,1.00000,limit,,short_put_spread,0.69000000,1.00000
SPY,2020-09-21,325.0000,put,buy,2020-09-21T15:27:34.155376Z,debit,1.00000,limit,,short_put_spread,0.69000000,1.00000
SPY,2020-09-21,324.0000,put,sell,2020-09-21T15:24:58.922672Z,debit,1.00000,limit,,short_put_spread,0.71000000,1.00000
SPY,2020-09-21,325.0000,put,buy,2020-09-21T15:24:58.922672Z,debit,1.00000,limit,,short_put_spread,0.71000000,1.00000
SPY,2020-09-21,324.0000,put,sell,2020-09-21T15:09:13.503729Z,debit,1.00000,limit,,short_put_spread,0.56000000,1.00000
SPY,2020-09-21,325.0000,put,buy,2020-09-21T15:09:13.503729Z,debit,1.00000,limit,,short_put_spread,0.56000000,1.00000
SPY,2020-09-21,324.0000,put,sell,2020-09-21T15:07:52.835619Z,debit,1.00000,limit,,short_put_spread,0.56000000,1.00000
SPY,2020-09-21,325.0000,put,buy,2020-09-21T15:07:52.835619Z,debit,1.00000,limit,,short_put_spread,0.56000000,1.00000
SPY,2020-09-21,324.0000,put,sell,2020-09-21T15:05:47.359993Z,debit,1.00000,limit,,short_put_spread,0.56000000,1.00000
SPY,2020-09-21,325.0000,put,buy,2020-09-21T15:05:47.359993Z,debit,1.00000,limit,,short_put_spread,0.56000000,1.00000
SPY,2020-09-21,324.0000,put,sell,2020-09-21T15:03:45.478144Z,debit,1.00000,limit,,short_put_spread,0.57000000,1.00000
SPY,2020-09-21,325.0000,put,buy,2020-09-21T15:03:45.478144Z,debit,1.00000,limit,,short_put_spread,0.57000000,1.00000
SPY,2020-09-21,325.0000,put,buy,2020-09-21T15:02:38.343862Z,debit,1.00000,limit,,short_put_spread,0.59000000,1.00000
SPY,2020-09-21,324.0000,put,sell,2020-09-21T15:02:38.343862Z,debit,1.00000,limit,,short_put_spread,0.59000000,1.00000
SPY,2020-09-21,324.0000,put,sell,2020-09-21T14:41:50.966634Z,debit,1.00000,limit,,short_put_spread,0.68000000,1.00000
SPY,2020-09-21,325.0000,put,buy,2020-09-21T14:41:50.966634Z,debit,1.00000,limit,,short_put_spread,0.68000000,1.00000
SPY,2020-09-21,324.0000,put,sell,2020-09-21T14:23:29.261618Z,debit,1.00000,limit,,short_put_spread,0.62000000,1.00000
SPY,2020-09-21,325.0000,put,buy,2020-09-21T14:23:29.261618Z,debit,1.00000,limit,,short_put_spread,0.62000000,1.00000
SPY,2020-09-23,314.0000,put,buy,2020-09-21T14:22:03.441813Z,credit,3.00000,limit,short_put_spread,,0.16000000,3.00000
SPY,2020-09-23,315.0000,put,sell,2020-09-21T14:22:03.441813Z,credit,3.00000,limit,short_put_spread,,0.16000000,3.00000
NIO,2020-09-25,20.0000,call,sell,2020-09-18T19:04:54.058482Z,credit,2.00000,limit,short_call,,0.69000000,2.00000
NIO,2020-09-18,19.0000,call,buy,2020-09-18T19:04:37.434215Z,debit,2.00000,limit,,short_call,0.28000000,2.00000
AMD,2020-09-25,77.0000,call,sell,2020-09-18T19:01:54.392892Z,credit,1.00000,limit,short_call,,1.32000000,1.00000
SPY,2020-09-21,325.0000,put,sell,2020-09-18T18:53:27.452215Z,credit,25.00000,limit,short_put_spread,,0.12000000,25.00000
SPY,2020-09-21,324.0000,put,buy,2020-09-18T18:53:27.452215Z,credit,25.00000,limit,short_put_spread,,0.12000000,25.00000
BABA,2020-09-18,265.0000,put,sell,2020-09-18T18:50:13.006056Z,debit,1.00000,limit,,iron_condor,0.05000000,1.00000
BABA,2020-09-18,285.0000,call,buy,2020-09-18T18:50:13.006056Z,debit,1.00000,limit,,iron_condor,0.05000000,1.00000
BABA,2020-09-18,290.0000,call,sell,2020-09-18T18:50:13.006056Z,debit,1.00000,limit,,iron_condor,0.05000000,1.00000
BABA,2020-09-18,267.5000,put,buy,2020-09-18T18:50:13.006056Z,debit,1.00000,limit,,iron_condor,0.05000000,1.00000
BABA,2020-09-18,267.5000,put,buy,2020-09-18T18:49:57.000575Z,debit,1.00000,limit,,iron_condor,0.05000000,1.00000
BABA,2020-09-18,290.0000,call,sell,2020-09-18T18:49:57.000575Z,debit,1.00000,limit,,iron_condor,0.05000000,1.00000
BABA,2020-09-18,285.0000,call,buy,2020-09-18T18:49:57.000575Z,debit,1.00000,limit,,iron_condor,0.05000000,1.00000
BABA,2020-09-18,265.0000,put,sell,2020-09-18T18:49:57.000575Z,debit,1.00000,limit,,iron_condor,0.05000000,1.00000
BABA,2020-09-18,267.5000,put,buy,2020-09-18T18:49:42.418821Z,debit,1.00000,limit,,iron_condor,0.06000000,1.00000
BABA,2020-09-18,290.0000,call,sell,2020-09-18T18:49:42.418821Z,debit,1.00000,limit,,iron_condor,0.06000000,1.00000
BABA,2020-09-18,285.0000,call,buy,2020-09-18T18:49:42.418821Z,debit,1.00000,limit,,iron_condor,0.06000000,1.00000
BABA,2020-09-18,265.0000,put,sell,2020-09-18T18:49:42.418821Z,debit,1.00000,limit,,iron_condor,0.06000000,1.00000
BABA,2020-09-18,267.5000,put,buy,2020-09-18T18:49:12.863431Z,debit,1.00000,limit,,iron_condor,0.07000000,1.00000
BABA,2020-09-18,290.0000,call,sell,2020-09-18T18:49:12.863431Z,debit,1.00000,limit,,iron_condor,0.07000000,1.00000
BABA,2020-09-18,285.0000,call,buy,2020-09-18T18:49:12.863431Z,debit,1.00000,limit,,iron_condor,0.07000000,1.00000
BABA,2020-09-18,265.0000,put,sell,2020-09-18T18:49:12.863431Z,debit,1.00000,limit,,iron_condor,0.07000000,1.00000
JPM,2020-09-18,105.0000,call,sell,2020-09-18T15:40:54.079560Z,debit,1.00000,limit,,iron_condor,0.01000000,1.00000
JPM,2020-09-18,96.0000,put,sell,2020-09-18T15:40:54.079560Z,debit,1.00000,limit,,iron_condor,0.01000000,1.00000
JPM,2020-09-18,104.0000,call,buy,2020-09-18T15:40:54.079560Z,debit,1.00000,limit,,iron_condor,0.01000000,1.00000
JPM,2020-09-18,97.0000,put,buy,2020-09-18T15:40:54.079560Z,debit,1.00000,limit,,iron_condor,0.01000000,1.00000
JPM,2020-09-18,105.0000,call,sell,2020-09-18T15:40:39.634317Z,debit,1.00000,limit,,iron_condor,0.01000000,1.00000
JPM,2020-09-18,96.0000,put,sell,2020-09-18T15:40:39.634317Z,debit,1.00000,limit,,iron_condor,0.01000000,1.00000
JPM,2020-09-18,104.0000,call,buy,2020-09-18T15:40:39.634317Z,debit,1.00000,limit,,iron_condor,0.01000000,1.00000
JPM,2020-09-18,97.0000,put,buy,2020-09-18T15:40:39.634317Z,debit,1.00000,limit,,iron_condor,0.01000000,1.00000
AMD,2020-09-18,80.0000,call,buy,2020-09-18T14:47:52.465648Z,debit,1.00000,limit,,short_call,0.01000000,1.00000
JPM,2020-09-25,96.5000,put,buy,2020-09-18T14:11:48.799921Z,credit,1.00000,limit,short_put_spread,,0.18000000,1.00000
JPM,2020-09-25,97.0000,put,sell,2020-09-18T14:11:48.799921Z,credit,1.00000,limit,short_put_spread,,0.18000000,1.00000
JPM,2020-09-25,95.5000,put,sell,2020-09-18T14:08:55.664210Z,credit,1.00000,limit,short_put_spread,,0.13000000,1.00000
JPM,2020-09-25,95.0000,put,buy,2020-09-18T14:08:55.664210Z,credit,1.00000,limit,short_put_spread,,0.13000000,1.00000
AAPL,2020-09-25,115.0000,call,sell,2020-09-18T13:44:41.357069Z,credit,1.00000,limit,short_call,,1.24000000,1.00000
AAPL,2020-09-18,120.0000,call,buy,2020-09-18T13:43:55.912596Z,debit,1.00000,limit,,short_call,0.01000000,1.00000
XLF,2020-09-25,24.0000,put,sell,2020-09-17T14:20:38.763609Z,credit,1.00000,limit,iron_condor,,0.10000000,1.00000
XLF,2020-09-25,23.5000,put,buy,2020-09-17T14:20:38.763609Z,credit,1.00000,limit,iron_condor,,0.10000000,1.00000
XLF,2020-09-25,26.0000,call,sell,2020-09-17T14:20:38.763609Z,credit,1.00000,limit,iron_condor,,0.10000000,1.00000
XLF,2020-09-25,26.5000,call,buy,2020-09-17T14:20:38.763609Z,credit,1.00000,limit,iron_condor,,0.10000000,1.00000
JPM,2020-09-18,105.0000,call,buy,2020-09-15T16:00:24.723711Z,credit,1.00000,limit,iron_condor,,0.19000000,1.00000
JPM,2020-09-18,104.0000,call,sell,2020-09-15T16:00:24.723711Z,credit,1.00000,limit,iron_condor,,0.19000000,1.00000
JPM,2020-09-18,97.0000,put,sell,2020-09-15T16:00:24.723711Z,credit,1.00000,limit,iron_condor,,0.19000000,1.00000
JPM,2020-09-18,96.0000,put,buy,2020-09-15T16:00:24.723711Z,credit,1.00000,limit,iron_condor,,0.19000000,1.00000
JPM,2020-09-18,105.0000,call,buy,2020-09-15T16:00:06.930235Z,credit,1.00000,limit,iron_condor,,0.19000000,1.00000
JPM,2020-09-18,104.0000,call,sell,2020-09-15T16:00:06.930235Z,credit,1.00000,limit,iron_condor,,0.19000000,1.00000
JPM,2020-09-18,97.0000,put,sell,2020-09-15T16:00:06.930235Z,credit,1.00000,limit,iron_condor,,0.19000000,1.00000
JPM,2020-09-18,96.0000,put,buy,2020-09-15T16:00:06.930235Z,credit,1.00000,limit,iron_condor,,0.19000000,1.00000
QCOM,2020-09-18,119.0000,call,buy,2020-09-15T15:54:00.631311Z,debit,1.00000,limit,,iron_condor,0.28000000,1.00000
QCOM,2020-09-18,120.0000,call,sell,2020-09-15T15:54:00.631311Z,debit,1.00000,limit,,iron_condor,0.28000000,1.00000
QCOM,2020-09-18,108.0000,put,sell,2020-09-15T15:54:00.631311Z,debit,1.00000,limit,,iron_condor,0.28000000,1.00000
QCOM,2020-09-18,109.0000,put,buy,2020-09-15T15:54:00.631311Z,debit,1.00000,limit,,iron_condor,0.28000000,1.00000
QCOM,2020-09-18,119.0000,call,buy,2020-09-15T15:52:58.846978Z,debit,1.00000,limit,,iron_condor,0.28000000,1.00000
QCOM,2020-09-18,120.0000,call,sell,2020-09-15T15:52:58.846978Z,debit,1.00000,limit,,iron_condor,0.28000000,1.00000
QCOM,2020-09-18,108.0000,put,sell,2020-09-15T15:52:58.846978Z,debit,1.00000,limit,,iron_condor,0.28000000,1.00000
QCOM,2020-09-18,109.0000,put,buy,2020-09-15T15:52:58.846978Z,debit,1.00000,limit,,iron_condor,0.28000000,1.00000
BABA,2020-09-18,265.0000,put,buy,2020-09-14T14:02:33.594852Z,credit,4.00000,limit,iron_condor,,1.30000000,4.00000
BABA,2020-09-18,267.5000,put,sell,2020-09-14T14:02:33.594852Z,credit,4.00000,limit,iron_condor,,1.30000000,4.00000
BABA,2020-09-18,285.0000,call,sell,2020-09-14T14:02:33.594852Z,credit,4.00000,limit,iron_condor,,1.30000000,4.00000
BABA,2020-09-18,290.0000,call,buy,2020-09-14T14:02:33.594852Z,credit,4.00000,limit,iron_condor,,1.30000000,4.00000
SPY,2020-09-14,326.0000,put,sell,2020-09-14T13:41:50.571871Z,debit,1.00000,limit,,iron_condor,0.01000000,1.00000
SPY,2020-09-14,351.0000,call,sell,2020-09-14T13:41:50.571871Z,debit,1.00000,limit,,iron_condor,0.01000000,1.00000
SPY,2020-09-14,350.0000,call,buy,2020-09-14T13:41:50.571871Z,debit,1.00000,limit,,iron_condor,0.01000000,1.00000
SPY,2020-09-14,327.0000,put,buy,2020-09-14T13:41:50.571871Z,debit,1.00000,limit,,iron_condor,0.01000000,1.00000
SPY,2020-09-14,326.0000,put,sell,2020-09-14T13:41:40.774411Z,debit,1.00000,limit,,iron_condor,0.01000000,1.00000
SPY,2020-09-14,351.0000,call,sell,2020-09-14T13:41:40.774411Z,debit,1.00000,limit,,iron_condor,0.01000000,1.00000
SPY,2020-09-14,350.0000,call,buy,2020-09-14T13:41:40.774411Z,debit,1.00000,limit,,iron_condor,0.01000000,1.00000
SPY,2020-09-14,327.0000,put,buy,2020-09-14T13:41:40.774411Z,debit,1.00000,limit,,iron_condor,0.01000000,1.00000
SPY,2020-09-14,327.0000,put,buy,2020-09-14T13:41:29.918889Z,debit,1.00000,limit,,iron_condor,0.01000000,1.00000
SPY,2020-09-14,350.0000,call,buy,2020-09-14T13:41:29.918889Z,debit,1.00000,limit,,iron_condor,0.01000000,1.00000
SPY,2020-09-14,351.0000,call,sell,2020-09-14T13:41:29.918889Z,debit,1.00000,limit,,iron_condor,0.01000000,1.00000
SPY,2020-09-14,326.0000,put,sell,2020-09-14T13:41:29.918889Z,debit,1.00000,limit,,iron_condor,0.01000000,1.00000
SPY,2020-09-14,327.0000,put,buy,2020-09-14T13:40:58.220540Z,debit,1.00000,limit,,iron_condor,0.01000000,1.00000
SPY,2020-09-14,350.0000,call,buy,2020-09-14T13:40:58.220540Z,debit,1.00000,limit,,iron_condor,0.01000000,1.00000
SPY,2020-09-14,351.0000,call,sell,2020-09-14T13:40:58.220540Z,debit,1.00000,limit,,iron_condor,0.01000000,1.00000
SPY,2020-09-14,326.0000,put,sell,2020-09-14T13:40:58.220540Z,debit,1.00000,limit,,iron_condor,0.01000000,1.00000
SPY,2020-09-14,326.0000,put,sell,2020-09-14T13:39:05.489963Z,debit,1.00000,limit,,iron_condor,0.01000000,1.00000
SPY,2020-09-14,351.0000,call,sell,2020-09-14T13:39:05.489963Z,debit,1.00000,limit,,iron_condor,0.01000000,1.00000
SPY,2020-09-14,350.0000,call,buy,2020-09-14T13:39:05.489963Z,debit,1.00000,limit,,iron_condor,0.01000000,1.00000
SPY,2020-09-14,327.0000,put,buy,2020-09-14T13:39:05.489963Z,debit,1.00000,limit,,iron_condor,0.01000000,1.00000
SPY,2020-09-14,351.0000,call,sell,2020-09-14T13:38:52.194380Z,debit,1.00000,limit,,iron_condor,0.01000000,1.00000
SPY,2020-09-14,326.0000,put,sell,2020-09-14T13:38:52.194380Z,debit,1.00000,limit,,iron_condor,0.01000000,1.00000
SPY,2020-09-14,327.0000,put,buy,2020-09-14T13:38:52.194380Z,debit,1.00000,limit,,iron_condor,0.01000000,1.00000
SPY,2020-09-14,350.0000,call,buy,2020-09-14T13:38:52.194380Z,debit,1.00000,limit,,iron_condor,0.01000000,1.00000
SPY,2020-09-14,326.0000,put,sell,2020-09-14T13:37:04.564677Z,debit,1.00000,limit,,iron_condor,0.01000000,1.00000
SPY,2020-09-14,351.0000,call,sell,2020-09-14T13:37:04.564677Z,debit,1.00000,limit,,iron_condor,0.01000000,1.00000
SPY,2020-09-14,350.0000,call,buy,2020-09-14T13:37:04.564677Z,debit,1.00000,limit,,iron_condor,0.01000000,1.00000
SPY,2020-09-14,327.0000,put,buy,2020-09-14T13:37:04.564677Z,debit,1.00000,limit,,iron_condor,0.01000000,1.00000
SPY,2020-09-14,326.0000,put,sell,2020-09-14T13:36:52.690339Z,debit,1.00000,limit,,iron_condor,0.01000000,1.00000
SPY,2020-09-14,351.0000,call,sell,2020-09-14T13:36:52.690339Z,debit,1.00000,limit,,iron_condor,0.01000000,1.00000
SPY,2020-09-14,350.0000,call,buy,2020-09-14T13:36:52.690339Z,debit,1.00000,limit,,iron_condor,0.01000000,1.00000
SPY,2020-09-14,327.0000,put,buy,2020-09-14T13:36:52.690339Z,debit,1.00000,limit,,iron_condor,0.01000000,1.00000
AMD,2020-09-18,80.0000,call,sell,2020-09-14T13:36:00.377110Z,credit,1.00000,limit,short_call,,0.92000000,1.00000
NIO,2020-09-18,19.0000,call,sell,2020-09-14T13:35:22.685448Z,credit,2.00000,limit,short_call,,0.37000000,2.00000
AAPL,2020-09-18,120.0000,call,sell,2020-09-14T13:34:58.073848Z,credit,1.00000,limit,short_call,,0.84000000,1.00000
SPY,2020-09-14,346.0000,call,sell,2020-09-14T13:33:06.065838Z,debit,1.00000,limit,,iron_condor,0.01000000,1.00000
SPY,2020-09-14,345.0000,call,buy,2020-09-14T13:33:06.065838Z,debit,1.00000,limit,,iron_condor,0.01000000,1.00000
SPY,2020-09-14,326.0000,put,sell,2020-09-14T13:33:06.065838Z,debit,1.00000,limit,,iron_condor,0.01000000,1.00000
SPY,2020-09-14,327.0000,put,buy,2020-09-14T13:33:06.065838Z,debit,1.00000,limit,,iron_condor,0.01000000,1.00000
SPY,2020-09-14,327.0000,put,buy,2020-09-14T13:32:11.748831Z,debit,1.00000,limit,,iron_condor,0.01000000,1.00000
SPY,2020-09-14,350.0000,call,buy,2020-09-14T13:32:11.748831Z,debit,1.00000,limit,,iron_condor,0.01000000,1.00000
SPY,2020-09-14,351.0000,call,sell,2020-09-14T13:32:11.748831Z,debit,1.00000,limit,,iron_condor,0.01000000,1.00000
SPY,2020-09-14,326.0000,put,sell,2020-09-14T13:32:11.748831Z,debit,1.00000,limit,,iron_condor,0.01000000,1.00000
SPY,2020-09-14,326.0000,put,sell,2020-09-14T13:31:07.376784Z,debit,1.00000,limit,,iron_condor,0.01000000,1.00000
SPY,2020-09-14,351.0000,call,sell,2020-09-14T13:31:07.376784Z,debit,1.00000,limit,,iron_condor,0.01000000,1.00000
SPY,2020-09-14,350.0000,call,buy,2020-09-14T13:31:07.376784Z,debit,1.00000,limit,,iron_condor,0.01000000,1.00000
SPY,2020-09-14,327.0000,put,buy,2020-09-14T13:31:07.376784Z,debit,1.00000,limit,,iron_condor,0.01000000,1.00000
SPY,2020-09-14,346.0000,call,buy,2020-09-11T17:44:47.466049Z,credit,1.00000,limit,iron_condor,,0.17000000,1.00000
SPY,2020-09-14,345.0000,call,sell,2020-09-11T17:44:47.466049Z,credit,1.00000,limit,iron_condor,,0.17000000,1.00000
SPY,2020-09-14,327.0000,put,sell,2020-09-11T17:44:47.466049Z,credit,1.00000,limit,iron_condor,,0.17000000,1.00000
SPY,2020-09-14,326.0000,put,buy,2020-09-11T17:44:47.466049Z,credit,1.00000,limit,iron_condor,,0.17000000,1.00000
SPY,2020-09-11,350.0000,call,buy,2020-09-11T17:34:40.069489Z,debit,2.00000,limit,,iron_condor,0.34000000,2.00000
SPY,2020-09-11,331.0000,put,buy,2020-09-11T17:34:40.069489Z,debit,2.00000,limit,,iron_condor,0.34000000,2.00000
SPY,2020-09-11,351.0000,call,sell,2020-09-11T17:34:40.069489Z,debit,2.00000,limit,,iron_condor,0.34000000,2.00000
SPY,2020-09-11,330.0000,put,sell,2020-09-11T17:34:40.069489Z,debit,2.00000,limit,,iron_condor,0.34000000,2.00000
QCOM,2020-09-18,108.0000,put,buy,2020-09-11T16:25:53.240317Z,credit,2.00000,limit,iron_condor,,0.30000000,2.00000
QCOM,2020-09-18,109.0000,put,sell,2020-09-11T16:25:53.240317Z,credit,2.00000,limit,iron_condor,,0.30000000,2.00000
QCOM,2020-09-18,119.0000,call,sell,2020-09-11T16:25:53.240317Z,credit,2.00000,limit,iron_condor,,0.30000000,2.00000
QCOM,2020-09-18,120.0000,call,buy,2020-09-11T16:25:53.240317Z,credit,2.00000,limit,iron_condor,,0.30000000,2.00000
SPY,2020-09-14,327.0000,put,sell,2020-09-11T14:33:32.509486Z,credit,10.00000,limit,iron_condor,,0.10000000,10.00000
SPY,2020-09-14,326.0000,put,buy,2020-09-11T14:33:32.509486Z,credit,10.00000,limit,iron_condor,,0.10000000,10.00000
SPY,2020-09-14,350.0000,call,sell,2020-09-11T14:33:32.509486Z,credit,10.00000,limit,iron_condor,,0.10000000,10.00000
SPY,2020-09-14,351.0000,call,buy,2020-09-11T14:33:32.509486Z,credit,10.00000,limit,iron_condor,,0.10000000,10.00000
AMD,2020-09-11,86.0000,call,sell,2020-09-10T15:11:21.556460Z,credit,1.00000,limit,short_call,,0.13000000,1.00000
AMD,2020-09-11,88.0000,call,buy,2020-09-10T15:10:17.846308Z,debit,1.00000,limit,,short_call,0.07000000,1.00000
AAPL,2020-09-11,122.5000,call,sell,2020-09-10T15:09:27.803105Z,credit,1.00000,limit,short_call,,0.19000000,1.00000
AAPL,2020-09-11,130.0000,call,buy,2020-09-10T15:08:06.633648Z,debit,1.00000,limit,,short_call,0.02000000,1.00000
SPY,2020-09-11,350.0000,call,sell,2020-09-10T15:00:21.515154Z,credit,2.00000,limit,iron_condor,,0.14000000,2.00000
SPY,2020-09-11,351.0000,call,buy,2020-09-10T15:00:21.515154Z,credit,2.00000,limit,iron_condor,,0.14000000,2.00000
SPY,2020-09-11,331.0000,put,sell,2020-09-10T15:00:21.515154Z,credit,2.00000,limit,iron_condor,,0.14000000,2.00000
SPY,2020-09-11,330.0000,put,buy,2020-09-10T15:00:21.515154Z,credit,2.00000,limit,iron_condor,,0.14000000,2.00000
BAC,2020-09-11,23.5000,put,buy,2020-09-08T16:04:53.907572Z,credit,1.00000,limit,iron_condor,,0.13000000,1.00000
BAC,2020-09-11,24.0000,put,sell,2020-09-08T16:04:53.907572Z,credit,1.00000,limit,iron_condor,,0.13000000,1.00000
BAC,2020-09-11,26.0000,call,sell,2020-09-08T16:04:53.907572Z,credit,1.00000,limit,iron_condor,,0.13000000,1.00000
BAC,2020-09-11,26.5000,call,buy,2020-09-08T16:04:53.907572Z,credit,1.00000,limit,iron_condor,,0.13000000,1.00000
SPY,2020-09-09,325.0000,put,sell,2020-09-08T15:46:07.972671Z,credit,2.00000,limit,iron_condor,,0.20000000,2.00000
SPY,2020-09-09,324.0000,put,buy,2020-09-08T15:46:07.972671Z,credit,2.00000,limit,iron_condor,,0.20000000,2.00000
SPY,2020-09-09,344.0000,call,sell,2020-09-08T15:46:07.972671Z,credit,2.00000,limit,iron_condor,,0.20000000,2.00000
SPY,2020-09-09,345.0000,call,buy,2020-09-08T15:46:07.972671Z,credit,2.00000,limit,iron_condor,,0.20000000,2.00000
JETS,2020-09-11,17.5000,put,sell,2020-09-08T14:27:46.019633Z,credit,1.00000,limit,iron_condor,,0.18000000,1.00000
JETS,2020-09-11,16.5000,put,buy,2020-09-08T14:27:46.019633Z,credit,1.00000,limit,iron_condor,,0.18000000,1.00000
JETS,2020-09-11,19.0000,call,sell,2020-09-08T14:27:46.019633Z,credit,1.00000,limit,iron_condor,,0.18000000,1.00000
JETS,2020-09-11,19.5000,call,buy,2020-09-08T14:27:46.019633Z,credit,1.00000,limit,iron_condor,,0.18000000,1.00000
AAPL,2020-09-11,130.0000,call,sell,2020-09-08T13:38:32.089304Z,credit,1.00000,limit,short_call,,0.51000000,1.00000
AMD,2020-09-11,88.0000,call,sell,2020-09-08T13:37:59.881296Z,credit,1.00000,limit,short_call,,0.49000000,1.00000
NIO,2020-09-11,20.0000,call,sell,2020-09-08T13:35:22.280145Z,credit,2.00000,limit,short_call,,0.22000000,2.00000
NIO,2020-09-04,21.0000,call,sell,2020-09-03T15:01:28.638836Z,credit,2.00000,limit,short_call,,0.09000000,2.00000
AAPL,2020-09-04,130.0000,call,sell,2020-09-03T14:56:53.110411Z,credit,1.00000,limit,short_call,,0.42000000,1.00000
AMD,2020-09-04,90.0000,call,sell,2020-09-03T14:56:39.104278Z,credit,1.00000,limit,short_call,,0.15000000,1.00000
AMD,2020-09-04,93.0000,call,buy,2020-09-03T14:55:34.273711Z,debit,1.00000,limit,,short_call,0.05000000,1.00000
NIO,2020-09-04,22.0000,call,buy,2020-09-03T14:55:22.222300Z,debit,2.00000,limit,,short_call,0.06000000,2.00000
AAPL,2020-09-04,137.5000,call,buy,2020-09-03T14:55:10.476669Z,debit,1.00000,limit,,short_call,0.06000000,1.00000
NVDA,2021-03-19,680.0000,call,buy,2020-09-02T14:18:27.477147Z,debit,1.00000,limit,long_call,,60.60000000,1.00000
NIO,2020-09-04,22.0000,call,sell,2020-09-02T14:12:29.520776Z,credit,2.00000,limit,short_call,,0.25000000,2.00000
AAPL,2020-09-04,137.5000,call,sell,2020-09-02T14:08:37.725775Z,credit,1.00000,limit,short_call,,0.63000000,1.00000
AMD,2020-09-04,93.0000,call,sell,2020-09-02T14:07:53.230859Z,credit,1.00000,limit,short_call,,0.93000000,1.00000
AMD,2020-09-04,84.0000,put,buy,2020-09-02T14:02:40.546133Z,debit,1.00000,limit,,short_put,0.21000000,1.00000
AMD,2020-09-04,83.0000,put,buy,2020-09-02T14:02:23.442807Z,debit,1.00000,limit,,short_put,0.16000000,1.00000
AAPL,2021-03-19,130.0000,call,buy,2020-08-31T15:24:02.585265Z,debit,1.00000,limit,long_call,,16.00000000,1.00000
AMD,2020-09-04,84.0000,put,sell,2020-08-31T14:18:46.828589Z,credit,1.00000,limit,short_put,,1.08000000,1.00000
AAPL,2021-01-15,130.0000,call,sell,2020-08-31T14:03:36.612875Z,credit,4.00000,limit,,long_call,12.90000000,4.00000
AAPL,2021-01-15,140.0000,call,sell,2020-08-31T14:01:01.651552Z,credit,4.00000,limit,,long_call,9.30000000,4.00000
AMD,2020-09-04,83.0000,put,sell,2020-08-28T17:43:00.438905Z,credit,1.00000,limit,short_put,,1.57000000,1.00000
NVDA,2021-03-19,520.0000,call,sell,2020-08-28T17:21:52.293523Z,credit,1.00000,limit,,long_call,80.05000000,1.00000
BABA,2021-01-15,305.0000,call,sell,2020-08-26T14:49:57.461143Z,credit,1.00000,limit,,long_call,22.85000000,1.00000
BABA,2021-01-15,305.0000,call,buy,2020-08-26T13:34:13.395199Z,debit,1.00000,limit,long_call,,21.75000000,1.00000
AMD,2021-03-19,85.0000,call,sell,2020-08-25T15:25:21.218647Z,credit,1.00000,limit,,long_call,14.55000000,1.00000
AAPL,2021-01-15,560.0000,call,buy,2020-08-25T13:31:10.541097Z,debit,1.00000,limit,long_call,,30.40000000,1.00000
AAPL,2021-01-15,520.0000,call,buy,2020-08-24T18:28:11.497856Z,debit,1.00000,limit,long_call,,47.05000000,1.00000
NVDA,2021-01-15,540.0000,call,sell,2020-08-24T18:13:57.143655Z,credit,1.00000,limit,,long_call,50.65000000,1.00000
BABA,2021-02-19,275.0000,call,sell,2020-08-24T18:09:40.045097Z,credit,1.00000,limit,,long_call,30.00000000,1.00000
NVDA,2021-01-15,540.0000,call,buy,2020-08-24T15:14:43.800473Z,debit,1.00000,limit,long_call,,48.25000000,1.00000
AMD,2021-03-19,85.0000,call,buy,2020-08-24T13:55:55.017276Z,debit,1.00000,limit,long_call,,13.75000000,1.00000
BABA,2021-02-19,275.0000,call,buy,2020-08-24T13:47:22.289121Z,debit,1.00000,limit,long_call,,29.85000000,1.00000
MSFT,2021-02-19,215.0000,call,sell,2020-08-24T13:45:16.873052Z,credit,1.00000,limit,,long_call,21.35000000,1.00000
NVDA,2021-03-19,520.0000,call,buy,2020-08-24T13:39:46.506901Z,debit,1.00000,limit,long_call,,73.25000000,1.00000
MSFT,2021-02-19,215.0000,call,buy,2020-08-24T13:36:52.950650Z,debit,1.00000,limit,long_call,,20.85000000,1.00000
MSFT,2021-03-19,230.0000,call,sell,2020-08-24T13:30:33.732950Z,credit,2.00000,limit,,long_call,15.70000000,2.00000
MSFT,2021-03-19,230.0000,call,buy,2020-08-21T17:24:00.420945Z,debit,2.00000,limit,long_call,,15.10000000,2.00000
BABA,2021-03-19,280.0000,call,sell,2020-08-21T17:09:13.650608Z,credit,1.00000,limit,,long_call,24.20000000,1.00000
AMD,2021-03-19,95.0000,call,sell,2020-08-21T16:38:00.988830Z,credit,3.00000,limit,,long_call,9.95000000,3.00000
BABA,2021-01-15,270.0000,call,sell,2020-08-21T16:23:43.959686Z,credit,1.00000,limit,,long_call,24.15000000,1.00000
BABA,2021-03-19,280.0000,call,buy,2020-08-21T15:04:39.361436Z,debit,1.00000,limit,long_call,,23.50000000,1.00000
AMD,2021-03-19,95.0000,call,buy,2020-08-21T14:58:13.537756Z,debit,3.00000,limit,long_call,,9.70000000,3.00000
BABA,2021-01-15,265.0000,call,sell,2020-08-21T14:16:03.554303Z,credit,1.00000,limit,,long_call,23.50000000,1.00000
TSLA,2020-08-28,1650.0000,put,sell,2020-08-19T13:52:36.413615Z,credit,1.00000,limit,,long_put,16.25000000,1.00000
TSLA,2020-08-28,1650.0000,put,buy,2020-08-17T19:50:24.777999Z,debit,1.00000,limit,long_put,,27.75000000,1.00000
BABA,2021-01-15,270.0000,call,buy,2020-08-10T15:18:46.508504Z,debit,1.00000,limit,long_call,,16.25000000,1.00000
BABA,2021-01-15,265.0000,call,buy,2020-08-10T13:31:14.890334Z,debit,1.00000,limit,long_call,,21.15000000,1.00000
